date,a,b
2025-01-17 20:12:00, 102490.0, 0
2025-01-17 20:13:00, 102490.0, 0
2025-01-17 20:14:00, 102490.0, 102486.2
2025-01-17 20:15:00, 102490.0, 102486.2
2025-01-17 20:16:00, 102490.0, 102468.15
2025-01-17 20:17:00, 102490.0, 102468.15
2025-01-17 20:18:00, 102490.0, 102468.15
2025-01-17 20:19:00, 102490.0, 102468.15
2025-01-17 20:20:00, 102490.0, 102468.15
2025-01-17 20:21:00, 102490.0, 102496.86666666667
2025-01-17 20:22:00, 102490.0, 102496.86666666667
2025-01-17 20:23:00, 102490.0, 102496.86666666667
2025-01-17 20:24:00, 102490.0, 102496.86666666667
2025-01-17 20:25:00, 102490.0, 102503.8
2025-01-17 20:26:00, 102490.0, 102503.8
2025-01-17 20:27:00, 102490.0, 102503.8
2025-01-17 20:28:00, 102502.65, 102503.8
2025-01-17 20:29:00, 102502.65, 102503.8
2025-01-17 20:30:00, 102502.65, 102503.8
2025-01-17 20:31:00, 102479.5, 102503.8
2025-01-17 20:33:00, 102479.5, 102503.8
2025-01-17 20:34:00, 102479.5, 102482.5
2025-01-17 20:35:00, 102479.5, 102482.5
2025-01-17 20:36:00, 102479.5, 102482.5
2025-01-17 20:37:00, 102445.875, 102482.5
2025-01-17 20:38:00, 102445.875, 102482.5
2025-01-17 20:39:00, 102445.875, 102482.5
2025-01-17 20:40:00, 102445.875, 102482.5
2025-01-17 20:41:00, 102445.875, 102482.5
2025-01-17 20:42:00, 102445.875, 102511.28333333334
2025-01-17 20:43:00, 102445.875, 102511.28333333334
2025-01-17 20:44:00, 102489.7, 102533.24285714286
2025-01-17 20:45:00, 102489.7, 102533.24285714286
2025-01-17 20:46:00, 102489.7, 102533.24285714286
2025-01-17 20:47:00, 102489.7, 102533.24285714286
2025-01-17 20:48:00, 102489.7, 102566.875
2025-01-17 20:49:00, 102551.76666666666, 102566.875
2025-01-17 20:50:00, 102551.76666666666, 102566.875
2025-01-17 20:51:00, 102551.76666666666, 102566.875
2025-01-17 20:52:00, 102551.76666666666, 102566.875
2025-01-17 20:53:00, 102551.76666666666, 102566.875
2025-01-17 20:54:00, 102551.76666666666, 102589.16666666667
2025-01-17 20:55:00, 102551.76666666666, 102589.16666666667
2025-01-17 20:56:00, 102551.76666666666, 102589.16666666667
2025-01-17 20:57:00, 102551.76666666666, 102589.16666666667
2025-01-17 20:58:00, 102575.42857142857, 102589.16666666667
2025-01-17 20:59:00, 102575.42857142857, 102589.16666666667
2025-01-17 21:00:00, 102575.42857142857, 102589.16666666667
2025-01-17 21:01:00, 102575.42857142857, 102589.16666666667
2025-01-17 21:02:00, 102575.42857142857, 102612.24
2025-01-17 21:03:00, 102575.42857142857, 102612.24
2025-01-17 21:04:00, 102575.42857142857, 102612.24
2025-01-17 21:05:00, 102575.42857142857, 102612.24
2025-01-17 21:06:00, 102575.42857142857, 102637.05454545455
2025-01-17 21:07:00, 102610.625, 102637.05454545455
2025-01-17 21:08:00, 102610.625, 102637.05454545455
2025-01-17 21:09:00, 102610.625, 102637.05454545455
2025-01-17 21:10:00, 102610.625, 102637.05454545455
2025-01-17 21:11:00, 102610.625, 102637.05454545455
2025-01-17 21:12:00, 102610.625, 102637.05454545455
2025-01-17 21:13:00, 102610.625, 102637.05454545455
2025-01-17 21:14:00, 102610.625, 102637.05454545455
2025-01-17 21:15:00, 102610.625, 102637.05454545455
2025-01-17 21:16:00, 102610.625, 102637.05454545455
2025-01-17 21:17:00, 102610.625, 102641.21666666667
2025-01-17 21:19:00, 102610.625, 102641.21666666667
2025-01-17 21:20:00, 102610.625, 102641.21666666667
2025-01-17 21:21:00, 102614.33333333333, 102641.21666666667
2025-01-17 21:22:00, 102614.33333333333, 102641.21666666667
2025-01-17 21:23:00, 102614.33333333333, 102641.21666666667
2025-01-17 21:24:00, 102614.33333333333, 102641.21666666667
2025-01-17 21:25:00, 102606.7, 102641.21666666667
2025-01-17 21:26:00, 102606.7, 102641.21666666667
2025-01-17 21:27:00, 102606.7, 102641.21666666667
2025-01-17 21:28:00, 102606.7, 102637.43076923076
2025-01-17 21:29:00, 102606.7, 102637.43076923076
2025-01-17 21:30:00, 102606.7, 102637.43076923076
2025-01-17 21:31:00, 102600.55454545455, 102637.43076923076
2025-01-17 21:32:00, 102600.55454545455, 102637.43076923076
2025-01-17 21:33:00, 102600.55454545455, 102637.43076923076
2025-01-17 21:34:00, 102600.55454545455, 102634.75714285714
2025-01-17 21:35:00, 102600.55454545455, 102634.75714285714
2025-01-17 21:36:00, 102600.55454545455, 102628.6
2025-01-17 21:37:00, 102600.55454545455, 102628.6
2025-01-17 21:38:00, 102600.55454545455, 102628.6
2025-01-17 21:39:00, 102600.55454545455, 102628.6
2025-01-17 21:40:00, 102600.50833333333, 102628.6
2025-01-17 21:41:00, 102600.50833333333, 102628.6
2025-01-17 21:42:00, 102600.50833333333, 102628.6
2025-01-17 21:43:00, 102600.50833333333, 102634.5625
2025-01-17 21:44:00, 102600.50833333333, 102634.5625
2025-01-17 21:45:00, 102600.50833333333, 102634.5625
2025-01-17 21:46:00, 102600.50833333333, 102634.5625
2025-01-17 21:47:00, 102609.86923076923, 102634.5625
2025-01-17 21:48:00, 102609.86923076923, 102636.55294117647
2025-01-17 21:49:00, 102609.86923076923, 102636.55294117647
2025-01-17 21:50:00, 102609.86923076923, 102636.55294117647
2025-01-17 21:51:00, 102609.86923076923, 102636.55294117647
2025-01-17 21:52:00, 102609.86923076923, 102636.55294117647
2025-01-17 21:53:00, 102609.86923076923, 102636.55294117647
2025-01-17 21:54:00, 102609.86923076923, 102636.55294117647
2025-01-17 21:55:00, 102609.86923076923, 102636.55294117647
2025-01-17 21:56:00, 102609.86923076923, 102636.55294117647
2025-01-17 21:57:00, 102609.86923076923, 102636.55294117647
2025-01-17 21:58:00, 102609.86923076923, 102636.55294117647
2025-01-17 21:59:00, 102596.27857142857, 102636.55294117647
2025-01-17 22:00:00, 102596.27857142857, 102636.55294117647
2025-01-17 22:01:00, 102596.27857142857, 102636.55294117647
2025-01-17 22:02:00, 102596.27857142857, 102636.55294117647
2025-01-17 22:03:00, 102596.27857142857, 102634.41111111111
2025-01-17 22:04:00, 102596.27857142857, 102634.41111111111
2025-01-17 22:05:00, 102596.27857142857, 102627.94210526315
2025-01-17 22:06:00, 102596.27857142857, 102627.94210526315
2025-01-17 22:07:00, 102595.96, 102627.94210526315
2025-01-17 22:08:00, 102595.96, 102627.94210526315
2025-01-17 22:10:00, 102595.96, 102623.94
2025-01-17 22:11:00, 102598.65625, 102623.94
2025-01-17 22:12:00, 102598.65625, 102622.70952380952
2025-01-17 22:13:00, 102598.65625, 102622.70952380952
2025-01-17 22:14:00, 102598.65625, 102622.70952380952
2025-01-17 22:15:00, 102598.65625, 102622.70952380952
2025-01-17 22:16:00, 102595.8, 102622.70952380952
2025-01-17 22:17:00, 102595.8, 102622.70952380952
2025-01-17 22:18:00, 102599.53333333334, 102622.70952380952
2025-01-17 22:19:00, 102599.53333333334, 102622.70952380952
2025-01-17 22:20:00, 102599.53333333334, 102622.70952380952
2025-01-17 22:21:00, 102599.53333333334, 102622.99545454545
2025-01-17 22:22:00, 102600.99473684211, 102622.99545454545
2025-01-17 22:23:00, 102600.99473684211, 102622.99545454545
2025-01-17 22:24:00, 102600.99473684211, 102623.46086956521
2025-01-17 22:25:00, 102600.99473684211, 102623.46086956521
2025-01-17 22:26:00, 102603.545, 102624.65
2025-01-17 22:27:00, 102603.545, 102624.65
2025-01-17 22:28:00, 102603.545, 102624.65
2025-01-17 22:29:00, 102603.545, 102624.65
2025-01-17 22:30:00, 102603.545, 102624.65
2025-01-17 22:31:00, 102603.545, 102624.65
2025-01-17 22:32:00, 102607.22857142857, 102624.65
2025-01-17 22:33:00, 102607.22857142857, 102624.65
2025-01-17 22:34:00, 102607.22857142857, 102627.608
2025-01-17 22:35:00, 102607.22857142857, 102627.608
2025-01-17 22:36:00, 102607.22857142857, 102627.608
2025-01-17 22:37:00, 102607.22857142857, 102643.26538461538
2025-01-17 22:38:00, 102607.22857142857, 102643.26538461538
2025-01-17 22:39:00, 102607.22857142857, 102643.26538461538
2025-01-17 22:40:00, 102608.82727272727, 102643.26538461538
2025-01-17 22:41:00, 102608.82727272727, 102643.26538461538
2025-01-17 22:42:00, 102608.82727272727, 102643.26538461538
2025-01-17 22:43:00, 102608.82727272727, 102643.26538461538
2025-01-17 22:44:00, 102608.82727272727, 102643.26538461538
2025-01-17 22:45:00, 102608.82727272727, 102643.26538461538
2025-01-17 22:46:00, 102608.82727272727, 102649.28888888888
2025-01-17 22:47:00, 102608.82727272727, 102649.28888888888
2025-01-17 22:48:00, 102608.82727272727, 102649.28888888888
2025-01-17 22:49:00, 102608.82727272727, 102649.28888888888
2025-01-17 22:50:00, 102608.82727272727, 102649.28888888888
2025-01-17 22:51:00, 102608.82727272727, 102649.28888888888
2025-01-17 22:52:00, 102622.08695652174, 102649.28888888888
2025-01-17 22:53:00, 102622.08695652174, 102649.28888888888
2025-01-17 22:54:00, 102622.08695652174, 102659.16785714286
2025-01-17 22:55:00, 102638.4375, 102659.16785714286
2025-01-17 22:56:00, 102638.4375, 102659.16785714286
2025-01-17 22:57:00, 102638.4375, 102659.16785714286
2025-01-17 22:58:00, 102638.4375, 102677.80344827587
2025-01-17 22:59:00, 102638.4375, 102677.80344827587
2025-01-17 23:01:00, 102665.476, 102677.80344827587
2025-01-17 23:02:00, 102665.476, 102677.80344827587
2025-01-17 23:03:00, 102665.476, 102677.80344827587
2025-01-17 23:04:00, 102665.476, 102706.51333333334
2025-01-17 23:05:00, 102665.476, 102706.51333333334
2025-01-17 23:06:00, 102665.476, 102706.51333333334
2025-01-17 23:07:00, 102665.476, 102706.51333333334
2025-01-17 23:08:00, 102665.476, 102706.51333333334
2025-01-17 23:09:00, 102665.476, 102706.51333333334
2025-01-17 23:10:00, 102665.476, 102706.51333333334
2025-01-17 23:11:00, 102665.476, 102706.51333333334
2025-01-17 23:12:00, 102718.06153846154, 102749.2935483871
2025-01-17 23:13:00, 102718.06153846154, 102749.2935483871
2025-01-17 23:14:00, 102718.06153846154, 102749.2935483871
2025-01-17 23:15:00, 102718.06153846154, 102749.2935483871
2025-01-17 23:16:00, 102718.06153846154, 102749.2935483871
2025-01-17 23:17:00, 102718.06153846154, 102749.2935483871
2025-01-17 23:18:00, 102718.06153846154, 102749.2935483871
2025-01-17 23:19:00, 102771.31481481482, 102749.2935483871
2025-01-17 23:20:00, 102771.31481481482, 102749.2935483871
2025-01-17 23:21:00, 102771.31481481482, 102749.2935483871
2025-01-17 23:22:00, 102771.31481481482, 102749.2935483871
2025-01-17 23:23:00, 102771.31481481482, 102783.384375
2025-01-17 23:24:00, 102771.31481481482, 102783.384375
2025-01-17 23:25:00, 102771.31481481482, 102783.384375
2025-01-17 23:26:00, 102771.31481481482, 102805.66666666667
2025-01-17 23:27:00, 102771.31481481482, 102805.66666666667
2025-01-17 23:28:00, 102805.45357142857, 102805.66666666667
2025-01-17 23:29:00, 102805.45357142857, 102805.66666666667
2025-01-17 23:30:00, 102805.45357142857, 102805.66666666667
2025-01-17 23:31:00, 102805.45357142857, 102836.50882352941
2025-01-17 23:32:00, 102805.45357142857, 102836.50882352941
2025-01-17 23:33:00, 102805.45357142857, 102836.50882352941
2025-01-17 23:34:00, 102838.29310344828, 102836.50882352941
2025-01-17 23:35:00, 102838.29310344828, 102836.50882352941
2025-01-17 23:36:00, 102838.29310344828, 102836.50882352941
2025-01-17 23:37:00, 102875.93666666666, 102836.50882352941
2025-01-17 23:38:00, 102875.93666666666, 102866.47714285714
2025-01-17 23:39:00, 102910.86774193548, 102866.47714285714
2025-01-17 23:40:00, 102910.86774193548, 102866.47714285714
2025-01-17 23:41:00, 102910.86774193548, 102893.61944444444
2025-01-17 23:42:00, 102910.86774193548, 102893.61944444444
2025-01-17 23:43:00, 102944.390625, 102893.61944444444
2025-01-17 23:44:00, 102944.390625, 102919.68648648649
2025-01-17 23:45:00, 102944.390625, 102919.68648648649
2025-01-17 23:47:00, 102944.390625, 102919.68648648649
2025-01-17 23:48:00, 102967.65757575758, 102919.68648648649
2025-01-17 23:49:00, 102967.65757575758, 102919.68648648649
2025-01-17 23:50:00, 102967.65757575758, 102919.68648648649
2025-01-17 23:51:00, 102967.65757575758, 102942.7
2025-01-17 23:52:00, 102967.65757575758, 102942.7
2025-01-17 23:53:00, 102967.65757575758, 102942.7
2025-01-17 23:54:00, 102967.65757575758, 102942.7
2025-01-17 23:55:00, 102967.65757575758, 102942.7
2025-01-17 23:56:00, 102994.28823529412, 102942.7
2025-01-17 23:57:00, 102994.28823529412, 102942.7
2025-01-17 23:58:00, 102994.28823529412, 102942.7
2025-01-17 23:59:00, 103021.48571428572, 102942.7
2025-01-18 00:00:00, 103021.48571428572, 102942.7
2025-01-18 00:01:00, 103021.48571428572, 102965.9076923077
2025-01-18 00:02:00, 103021.48571428572, 102965.9076923077
2025-01-18 00:03:00, 103021.48571428572, 102989.72
2025-01-18 00:04:00, 103047.50277777777, 102989.72
2025-01-18 00:05:00, 103047.50277777777, 103012.06097560975
2025-01-18 00:06:00, 103072.52162162162, 103012.06097560975
2025-01-18 00:07:00, 103072.52162162162, 103032.9857142857
2025-01-18 00:08:00, 103072.52162162162, 103032.9857142857
2025-01-18 00:09:00, 103072.52162162162, 103032.9857142857
2025-01-18 00:10:00, 103097.92631578947, 103032.9857142857
2025-01-18 00:11:00, 103097.92631578947, 103032.9857142857
2025-01-18 00:12:00, 103097.92631578947, 103032.9857142857
2025-01-18 00:13:00, 103097.92631578947, 103032.9857142857
2025-01-18 00:14:00, 103097.92631578947, 103064.40930232558
2025-01-18 00:15:00, 103097.92631578947, 103064.40930232558
2025-01-18 00:16:00, 103097.92631578947, 103096.08409090909
2025-01-18 00:17:00, 103097.92631578947, 103096.08409090909
2025-01-18 00:18:00, 103097.92631578947, 103096.08409090909
2025-01-18 00:19:00, 103097.92631578947, 103128.71111111112
2025-01-18 00:20:00, 103097.92631578947, 103128.71111111112
2025-01-18 00:21:00, 103097.92631578947, 103162.43478260869
2025-01-18 00:22:00, 103097.92631578947, 103162.43478260869
2025-01-18 00:23:00, 103097.92631578947, 103189.61914893617
2025-01-18 00:24:00, 103097.92631578947, 103189.61914893617
2025-01-18 00:25:00, 103134.64358974359, 103189.61914893617
2025-01-18 00:26:00, 103134.64358974359, 103189.61914893617
2025-01-18 00:27:00, 103134.64358974359, 103217.32291666667
2025-01-18 00:28:00, 103170.255, 103217.32291666667
2025-01-18 00:29:00, 103170.255, 103244.25714285714
2025-01-18 00:30:00, 103170.255, 103244.25714285714
2025-01-18 00:31:00, 103170.255, 103244.25714285714
2025-01-18 00:33:00, 103206.15365853658, 103244.25714285714
2025-01-18 00:34:00, 103206.15365853658, 103270.192
2025-01-18 00:35:00, 103240.98095238095, 103270.192
2025-01-18 00:36:00, 103240.98095238095, 103270.192
2025-01-18 00:37:00, 103240.98095238095, 103297.72156862746
2025-01-18 00:38:00, 103240.98095238095, 103297.72156862746
2025-01-18 00:39:00, 103278.93720930233, 103297.72156862746
2025-01-18 00:40:00, 103278.93720930233, 103297.72156862746
2025-01-18 00:41:00, 103278.93720930233, 103297.72156862746
2025-01-18 00:42:00, 103314.73181818181, 103297.72156862746
2025-01-18 00:43:00, 103314.73181818181, 103297.72156862746
2025-01-18 00:44:00, 103314.73181818181, 103325.53846153847
2025-01-18 00:45:00, 103314.73181818181, 103325.53846153847
2025-01-18 00:46:00, 103314.73181818181, 103325.53846153847
2025-01-18 00:47:00, 103314.73181818181, 103325.53846153847
2025-01-18 00:48:00, 103346.49111111111, 103325.53846153847
2025-01-18 00:49:00, 103346.49111111111, 103325.53846153847
2025-01-18 00:50:00, 103346.49111111111, 103351.26981132076
2025-01-18 00:51:00, 103378.38913043478, 103351.26981132076
2025-01-18 00:52:00, 103378.38913043478, 103351.26981132076
2025-01-18 00:53:00, 103378.38913043478, 103378.84444444445
2025-01-18 00:54:00, 103411.27659574468, 103378.84444444445
2025-01-18 00:55:00, 103411.27659574468, 103378.84444444445
2025-01-18 00:56:00, 103411.27659574468, 103378.84444444445
2025-01-18 00:57:00, 103442.10833333334, 103406.34181818181
2025-01-18 00:58:00, 103442.10833333334, 103406.34181818181
2025-01-18 00:59:00, 103442.10833333334, 103406.34181818181
2025-01-18 01:00:00, 103442.10833333334, 103406.34181818181
2025-01-18 01:01:00, 103442.10833333334, 103406.34181818181
2025-01-18 01:02:00, 103472.41224489796, 103406.34181818181
2025-01-18 01:03:00, 103472.41224489796, 103406.34181818181
2025-01-18 01:04:00, 103472.41224489796, 103406.34181818181
2025-01-18 01:05:00, 103472.41224489796, 103406.34181818181
2025-01-18 01:06:00, 103472.41224489796, 103406.34181818181
2025-01-18 01:07:00, 103472.41224489796, 103406.34181818181
2025-01-18 01:08:00, 103498.288, 103406.34181818181
2025-01-18 01:09:00, 103498.288, 103430.9857142857
2025-01-18 01:10:00, 103498.288, 103430.9857142857
2025-01-18 01:11:00, 103498.288, 103430.9857142857
2025-01-18 01:12:00, 103524.29607843138, 103430.9857142857
2025-01-18 01:13:00, 103524.29607843138, 103430.9857142857
2025-01-18 01:14:00, 103524.29607843138, 103430.9857142857
2025-01-18 01:15:00, 103546.82307692307, 103430.9857142857
2025-01-18 01:16:00, 103546.82307692307, 103452.37543859649
2025-01-18 01:17:00, 103546.82307692307, 103452.37543859649
2025-01-18 01:19:00, 103569.22075471698, 103452.37543859649
2025-01-18 01:20:00, 103569.22075471698, 103452.37543859649
2025-01-18 01:21:00, 103569.22075471698, 103472.66379310345
2025-01-18 01:22:00, 103591.66111111111, 103472.66379310345
2025-01-18 01:23:00, 103591.66111111111, 103472.66379310345
2025-01-18 01:24:00, 103591.66111111111, 103472.66379310345
2025-01-18 01:25:00, 103591.66111111111, 103472.66379310345
2025-01-18 01:26:00, 103591.66111111111, 103472.66379310345
2025-01-18 01:27:00, 103591.66111111111, 103499.61186440678
2025-01-18 01:28:00, 103618.19454545455, 103499.61186440678
2025-01-18 01:29:00, 103618.19454545455, 103499.61186440678
2025-01-18 01:30:00, 103643.175, 103499.61186440678
2025-01-18 01:31:00, 103643.175, 103522.77333333333
2025-01-18 01:32:00, 103643.175, 103522.77333333333
2025-01-18 01:33:00, 103665.04736842106, 103522.77333333333
2025-01-18 01:34:00, 103665.04736842106, 103522.77333333333
2025-01-18 01:35:00, 103665.04736842106, 103522.77333333333
2025-01-18 01:36:00, 103665.04736842106, 103522.77333333333
2025-01-18 01:37:00, 103665.04736842106, 103522.77333333333
2025-01-18 01:38:00, 103665.04736842106, 103522.77333333333
2025-01-18 01:39:00, 103665.04736842106, 103522.77333333333
2025-01-18 01:40:00, 103665.04736842106, 103522.77333333333
2025-01-18 01:41:00, 103665.04736842106, 103535.44262295082
2025-01-18 01:42:00, 103665.04736842106, 103535.44262295082
2025-01-18 01:43:00, 103675.82241379311, 103547.6129032258
2025-01-18 01:44:00, 103675.82241379311, 103547.6129032258
2025-01-18 01:45:00, 103675.82241379311, 103559.58888888889
2025-01-18 01:46:00, 103686.53898305085, 103559.58888888889
2025-01-18 01:47:00, 103686.53898305085, 103559.58888888889
2025-01-18 01:48:00, 103686.53898305085, 103572.71875
2025-01-18 01:49:00, 103686.53898305085, 103572.71875
2025-01-18 01:50:00, 103686.53898305085, 103572.71875
2025-01-18 01:51:00, 103686.53898305085, 103572.71875
2025-01-18 01:52:00, 103686.53898305085, 103572.71875
2025-01-18 01:53:00, 103686.53898305085, 103572.71875
2025-01-18 01:54:00, 103694.255, 103572.71875
2025-01-18 01:55:00, 103694.255, 103580.15538461538
2025-01-18 01:56:00, 103700.92950819673, 103580.15538461538
2025-01-18 01:57:00, 103700.92950819673, 103580.15538461538
2025-01-18 01:58:00, 103705.95161290323, 103580.15538461538
2025-01-18 01:59:00, 103705.95161290323, 103580.15538461538
2025-01-18 02:00:00, 103711.19841269842, 103580.15538461538
2025-01-18 02:01:00, 103711.19841269842, 103580.15538461538
2025-01-18 02:02:00, 103718.09375, 103588.82727272727
2025-01-18 02:03:00, 103718.09375, 103588.82727272727
2025-01-18 02:04:00, 103718.09375, 103588.82727272727
2025-01-18 02:05:00, 103718.09375, 103588.82727272727
2025-01-18 02:06:00, 103718.09375, 103598.56268656717
2025-01-18 02:07:00, 103718.09375, 103598.56268656717
2025-01-18 02:08:00, 103718.09375, 103598.56268656717
2025-01-18 02:17:00, 103728.70923076924, 103598.56268656717
2025-01-18 02:18:00, 103728.70923076924, 103598.56268656717
2025-01-18 02:19:00, 103728.70923076924, 103598.56268656717
2025-01-18 02:20:00, 103728.70923076924, 103598.56268656717
2025-01-18 02:21:00, 103728.70923076924, 103598.56268656717
2025-01-18 02:22:00, 103728.70923076924, 103598.56268656717
2025-01-18 02:23:00, 103728.70923076924, 103598.56268656717
2025-01-18 02:24:00, 103728.70923076924, 103598.56268656717
2025-01-18 02:25:00, 103728.70923076924, 103598.56268656717
2025-01-18 02:26:00, 103728.70923076924, 103598.56268656717
2025-01-18 02:27:00, 103728.70923076924, 103598.56268656717
2025-01-18 02:28:00, 103728.70923076924, 103613.12647058823
2025-01-18 02:29:00, 103728.70923076924, 103613.12647058823
2025-01-18 02:30:00, 103728.70923076924, 103613.12647058823
2025-01-18 02:31:00, 103742.04242424242, 103613.12647058823
2025-01-18 02:32:00, 103742.04242424242, 103626.43043478261
2025-01-18 02:33:00, 103742.04242424242, 103626.43043478261
2025-01-18 02:34:00, 103755.37462686567, 103626.43043478261
2025-01-18 02:35:00, 103755.37462686567, 103626.43043478261
2025-01-18 02:36:00, 103755.37462686567, 103626.43043478261
2025-01-18 02:37:00, 103755.37462686567, 103626.43043478261
2025-01-18 02:38:00, 103755.37462686567, 103642.29714285715
2025-01-18 02:39:00, 103755.37462686567, 103642.29714285715
2025-01-18 02:40:00, 103755.37462686567, 103642.29714285715
2025-01-18 02:41:00, 103755.37462686567, 103642.29714285715
2025-01-18 02:42:00, 103755.37462686567, 103642.29714285715
2025-01-18 02:43:00, 103755.37462686567, 103642.29714285715
2025-01-18 02:44:00, 103755.37462686567, 103642.29714285715
2025-01-18 02:45:00, 103755.37462686567, 103642.29714285715
2025-01-18 02:46:00, 103755.37462686567, 103642.29714285715
2025-01-18 02:48:00, 103755.37462686567, 103642.29714285715
2025-01-18 02:49:00, 103755.37462686567, 103642.29714285715
2025-01-18 02:50:00, 103755.37462686567, 103642.29714285715
2025-01-18 02:51:00, 103755.37462686567, 103642.29714285715
2025-01-18 02:52:00, 103771.47205882354, 103659.30704225352
2025-01-18 02:53:00, 103771.47205882354, 103659.30704225352
2025-01-18 02:54:00, 103786.91014492753, 103675.65972222222
2025-01-18 02:55:00, 103786.91014492753, 103675.65972222222
2025-01-18 02:56:00, 103786.91014492753, 103689.74520547946
2025-01-18 02:57:00, 103800.43428571429, 103689.74520547946
2025-01-18 02:58:00, 103800.43428571429, 103689.74520547946
2025-01-18 02:59:00, 103800.43428571429, 103689.74520547946
2025-01-18 03:00:00, 103800.43428571429, 103689.74520547946
2025-01-18 03:01:00, 103800.43428571429, 103704.52972972974
2025-01-18 03:02:00, 103814.97605633803, 103704.52972972974
2025-01-18 03:03:00, 103814.97605633803, 103719.176
2025-01-18 03:04:00, 103828.19861111112, 103719.176
2025-01-18 03:05:00, 103828.19861111112, 103733.23947368421
2025-01-18 03:06:00, 103828.19861111112, 103733.23947368421
2025-01-18 03:07:00, 103828.19861111112, 103733.23947368421
2025-01-18 03:08:00, 103828.19861111112, 103733.23947368421
2025-01-18 03:09:00, 103828.19861111112, 103733.23947368421
2025-01-18 03:10:00, 103828.19861111112, 103733.23947368421
2025-01-18 03:11:00, 103828.19861111112, 103733.23947368421
2025-01-18 03:12:00, 103828.19861111112, 103733.23947368421
2025-01-18 03:13:00, 103828.19861111112, 103733.23947368421
2025-01-18 03:14:00, 103828.19861111112, 103733.23947368421
2025-01-18 03:15:00, 103828.19861111112, 103733.23947368421
2025-01-18 03:16:00, 103828.19861111112, 103751.11688311688
2025-01-18 03:17:00, 103828.19861111112, 103751.11688311688
2025-01-18 03:18:00, 103828.19861111112, 103751.11688311688
2025-01-18 03:19:00, 103848.84520547945, 103751.11688311688
2025-01-18 03:20:00, 103848.84520547945, 103772.40512820512
2025-01-18 03:21:00, 103848.84520547945, 103772.40512820512
2025-01-18 03:22:00, 103848.84520547945, 103794.78227848101
2025-01-18 03:23:00, 103848.84520547945, 103794.78227848101
2025-01-18 03:24:00, 103848.84520547945, 103794.78227848101
2025-01-18 03:25:00, 103872.7027027027, 103794.78227848101
2025-01-18 03:26:00, 103872.7027027027, 103816.66375
2025-01-18 03:27:00, 103872.7027027027, 103816.66375
2025-01-18 03:28:00, 103872.7027027027, 103816.66375
2025-01-18 03:29:00, 103872.7027027027, 103816.66375
2025-01-18 03:30:00, 103892.15466666667, 103816.66375
2025-01-18 03:31:00, 103892.15466666667, 103816.66375
2025-01-18 03:32:00, 103910.30657894736, 103816.66375
2025-01-18 03:34:00, 103910.30657894736, 103816.66375
2025-01-18 03:35:00, 103926.42207792208, 103816.66375
2025-01-18 03:36:00, 103926.42207792208, 103816.66375
2025-01-18 03:37:00, 103926.42207792208, 103816.66375
2025-01-18 03:38:00, 103943.03461538462, 103816.66375
2025-01-18 03:39:00, 103943.03461538462, 103816.66375
2025-01-18 03:40:00, 103943.03461538462, 103835.41111111111
2025-01-18 03:41:00, 103943.03461538462, 103835.41111111111
2025-01-18 03:42:00, 103943.03461538462, 103855.3219512195
2025-01-18 03:43:00, 103943.03461538462, 103855.3219512195
2025-01-18 03:44:00, 103943.03461538462, 103855.3219512195
2025-01-18 03:45:00, 103943.03461538462, 103855.3219512195
2025-01-18 03:46:00, 103964.13924050632, 103855.3219512195
2025-01-18 03:47:00, 103964.13924050632, 103855.3219512195
2025-01-18 03:48:00, 103964.13924050632, 103876.29156626506
2025-01-18 03:49:00, 103964.13924050632, 103876.29156626506
2025-01-18 03:50:00, 103964.13924050632, 103876.29156626506
2025-01-18 03:51:00, 103986.58375, 103876.29156626506
2025-01-18 03:52:00, 103986.58375, 103876.29156626506
2025-01-18 03:53:00, 103986.58375, 103876.29156626506
2025-01-18 03:54:00, 103986.58375, 103876.29156626506
2025-01-18 03:55:00, 104007.94197530864, 103876.29156626506
2025-01-18 03:56:00, 104007.94197530864, 103876.29156626506
2025-01-18 03:57:00, 104028.46707317073, 103876.29156626506
2025-01-18 03:58:00, 104028.46707317073, 103876.29156626506
2025-01-18 03:59:00, 104028.46707317073, 103876.29156626506
2025-01-18 04:00:00, 104028.46707317073, 103876.29156626506
2025-01-18 04:01:00, 104028.46707317073, 103897.66904761904
2025-01-18 04:02:00, 104028.46707317073, 103897.66904761904
2025-01-18 04:03:00, 104048.38313253011, 103918.65529411765
2025-01-18 04:04:00, 104048.38313253011, 103918.65529411765
2025-01-18 04:05:00, 104048.38313253011, 103918.65529411765
2025-01-18 04:06:00, 104048.38313253011, 103918.65529411765
2025-01-18 04:07:00, 104063.16666666667, 103918.65529411765
2025-01-18 04:08:00, 104063.16666666667, 103934.56395348837
2025-01-18 04:09:00, 104063.16666666667, 103934.56395348837
2025-01-18 04:10:00, 104078.90705882353, 103934.56395348837
2025-01-18 04:11:00, 104078.90705882353, 103949.81494252874
2025-01-18 04:12:00, 104078.90705882353, 103949.81494252874
2025-01-18 04:13:00, 104094.05581395348, 103949.81494252874
2025-01-18 04:14:00, 104094.05581395348, 103949.81494252874
2025-01-18 04:15:00, 104109.11609195403, 103949.81494252874
2025-01-18 04:16:00, 104109.11609195403, 103965.71590909091
2025-01-18 04:17:00, 104109.11609195403, 103965.71590909091
2025-01-18 04:18:00, 104109.11609195403, 103965.71590909091
2025-01-18 04:19:00, 104109.11609195403, 103965.71590909091
2025-01-18 04:20:00, 104124.04431818181, 103965.71590909091
2025-01-18 04:21:00, 104124.04431818181, 103965.71590909091
2025-01-18 04:22:00, 104124.04431818181, 103965.71590909091
2025-01-18 04:23:00, 104124.04431818181, 103965.71590909091
2025-01-18 04:25:00, 104124.04431818181, 103965.71590909091
2025-01-18 04:26:00, 104138.36516853933, 103965.71590909091
2025-01-18 04:27:00, 104138.36516853933, 103965.71590909091
2025-01-18 04:28:00, 104151.34555555556, 103965.71590909091
2025-01-18 04:29:00, 104151.34555555556, 103965.71590909091
2025-01-18 04:30:00, 104151.34555555556, 103965.71590909091
2025-01-18 04:31:00, 104151.34555555556, 103965.71590909091
2025-01-18 04:32:00, 104151.34555555556, 103965.71590909091
2025-01-18 04:33:00, 104151.34555555556, 103965.71590909091
2025-01-18 04:34:00, 104151.34555555556, 103965.71590909091
2025-01-18 04:35:00, 104151.34555555556, 103978.39438202247
2025-01-18 04:36:00, 104151.34555555556, 103978.39438202247
2025-01-18 04:37:00, 104151.34555555556, 103978.39438202247
2025-01-18 04:38:00, 104151.34555555556, 103978.39438202247
2025-01-18 04:39:00, 104151.34555555556, 103990.27111111111
2025-01-18 04:40:00, 104151.34555555556, 103990.27111111111
2025-01-18 04:41:00, 104160.81318681319, 103990.27111111111
2025-01-18 04:42:00, 104160.81318681319, 103990.27111111111
2025-01-18 04:43:00, 104160.81318681319, 103990.27111111111
2025-01-18 04:44:00, 104169.3847826087, 103990.27111111111
2025-01-18 04:45:00, 104169.3847826087, 103990.27111111111
2025-01-18 04:46:00, 104169.3847826087, 103999.77472527472
2025-01-18 04:47:00, 104169.3847826087, 103999.77472527472
2025-01-18 04:48:00, 104176.89032258064, 103999.77472527472
2025-01-18 04:49:00, 104176.89032258064, 103999.77472527472
2025-01-18 04:50:00, 104176.89032258064, 104009.05217391305
2025-01-18 04:51:00, 104176.89032258064, 104009.05217391305
2025-01-18 04:52:00, 104183.85212765957, 104009.05217391305
2025-01-18 04:53:00, 104183.85212765957, 104009.05217391305
2025-01-18 04:54:00, 104183.85212765957, 104009.05217391305
2025-01-18 04:55:00, 104183.85212765957, 104017.82365591398
2025-01-18 04:56:00, 104183.85212765957, 104017.82365591398
2025-01-18 04:57:00, 104183.85212765957, 104017.82365591398
2025-01-18 04:58:00, 104183.85212765957, 104017.82365591398
2025-01-18 04:59:00, 104183.85212765957, 104017.82365591398
2025-01-18 05:00:00, 104183.85212765957, 104024.30212765957
2025-01-18 05:01:00, 104183.85212765957, 104024.30212765957
2025-01-18 05:02:00, 104183.85212765957, 104024.30212765957
2025-01-18 05:03:00, 104188.48, 104024.30212765957
2025-01-18 05:04:00, 104188.48, 104024.30212765957
2025-01-18 05:05:00, 104188.48, 104024.30212765957
2025-01-18 05:06:00, 104188.48, 104031.18315789473
2025-01-18 05:07:00, 104188.48, 104031.18315789473
2025-01-18 05:08:00, 104188.48, 104031.18315789473
2025-01-18 05:09:00, 104188.48, 104031.18315789473
2025-01-18 05:10:00, 104192.75, 104031.18315789473
2025-01-18 05:11:00, 104192.75, 104031.18315789473
2025-01-18 05:12:00, 104192.75, 104031.18315789473
2025-01-18 05:13:00, 104192.75, 104031.18315789473
2025-01-18 05:14:00, 104192.75, 104031.18315789473
2025-01-18 05:16:00, 104192.75, 104031.18315789473
2025-01-18 05:17:00, 104192.75, 104038.30833333333
2025-01-18 05:18:00, 104192.75, 104038.30833333333
2025-01-18 05:19:00, 104192.75, 104038.30833333333
2025-01-18 05:20:00, 104192.75, 104038.30833333333
2025-01-18 05:21:00, 104192.75, 104038.30833333333
2025-01-18 05:22:00, 104192.75, 104038.30833333333
2025-01-18 05:23:00, 104192.75, 104038.30833333333
2025-01-18 05:24:00, 104192.75, 104038.30833333333
2025-01-18 05:25:00, 104192.75, 104038.30833333333
2025-01-18 05:26:00, 104192.75, 104038.30833333333
2025-01-18 05:27:00, 104192.75, 104038.30833333333
2025-01-18 05:28:00, 104192.75, 104038.30833333333
2025-01-18 05:29:00, 104192.75, 104038.30833333333
2025-01-18 05:30:00, 104200.42783505155, 104038.30833333333
2025-01-18 05:31:00, 104200.42783505155, 104038.30833333333
2025-01-18 05:32:00, 104200.42783505155, 104047.32371134021
2025-01-18 05:33:00, 104200.42783505155, 104047.32371134021
2025-01-18 05:34:00, 104200.42783505155, 104047.32371134021
2025-01-18 05:35:00, 104206.55, 104047.32371134021
2025-01-18 05:36:00, 104206.55, 104047.32371134021
2025-01-18 05:37:00, 104206.55, 104054.7275510204
2025-01-18 05:38:00, 104206.55, 104054.7275510204
2025-01-18 05:39:00, 104206.55, 104054.7275510204
2025-01-18 05:40:00, 104206.55, 104054.7275510204
2025-01-18 05:41:00, 104206.55, 104061.15151515152
2025-01-18 05:42:00, 104212.39191919191, 104061.15151515152
2025-01-18 05:43:00, 104212.39191919191, 104061.15151515152
2025-01-18 05:44:00, 104212.39191919191, 104061.15151515152
2025-01-18 05:45:00, 104218.537, 104061.15151515152
2025-01-18 05:46:00, 104218.537, 104061.15151515152
2025-01-18 05:47:00, 104218.537, 104068.06
2025-01-18 05:48:00, 104218.537, 104068.06
2025-01-18 05:49:00, 104218.537, 104068.06
2025-01-18 05:50:00, 104218.537, 104068.06
2025-01-18 05:51:00, 104218.537, 104068.06
2025-01-18 05:52:00, 104221.8207920792, 104068.06
2025-01-18 05:53:00, 104221.8207920792, 104068.06
2025-01-18 05:54:00, 104221.8207920792, 104068.06
2025-01-18 05:55:00, 104221.8207920792, 104073.33861386139
2025-01-18 05:56:00, 104221.8207920792, 104073.33861386139
2025-01-18 05:57:00, 104221.8207920792, 104073.33861386139
2025-01-18 05:58:00, 104221.8207920792, 104073.33861386139
2025-01-18 05:59:00, 104221.8207920792, 104078.19607843137
2025-01-18 06:00:00, 104221.8207920792, 104078.19607843137
2025-01-18 06:01:00, 104225.41078431373, 104078.19607843137
2025-01-18 06:02:00, 104225.41078431373, 104078.19607843137
2025-01-18 06:03:00, 104225.41078431373, 104083.58058252427
2025-01-18 06:04:00, 104229.20194174757, 104083.58058252427
2025-01-18 06:05:00, 104229.20194174757, 104088.76826923077
2025-01-18 06:07:00, 104229.20194174757, 104088.76826923077
2025-01-18 06:08:00, 104232.5625, 104088.76826923077
2025-01-18 06:09:00, 104232.5625, 104092.69238095239
2025-01-18 06:10:00, 104232.5625, 104092.69238095239
2025-01-18 06:11:00, 104232.5625, 104092.69238095239
2025-01-18 06:12:00, 104232.5625, 104092.69238095239
2025-01-18 06:13:00, 104234.28761904762, 104092.69238095239
2025-01-18 06:14:00, 104234.28761904762, 104092.69238095239
2025-01-18 06:15:00, 104234.28761904762, 104092.69238095239
2025-01-18 06:16:00, 104235.24716981132, 104092.69238095239
2025-01-18 06:17:00, 104235.24716981132, 104092.69238095239
2025-01-18 06:18:00, 104235.24716981132, 104092.69238095239
2025-01-18 06:19:00, 104235.24716981132, 104092.69238095239
2025-01-18 06:20:00, 104235.24716981132, 104092.69238095239
2025-01-18 06:21:00, 104236.38130841122, 104092.69238095239
2025-01-18 06:22:00, 104236.38130841122, 104092.69238095239
2025-01-18 06:23:00, 104236.38130841122, 104092.69238095239
2025-01-18 06:24:00, 104236.38130841122, 104095.59150943396
2025-01-18 06:25:00, 104236.38130841122, 104095.59150943396
2025-01-18 06:26:00, 104236.38130841122, 104095.59150943396
2025-01-18 06:27:00, 104236.38130841122, 104095.59150943396
2025-01-18 06:28:00, 104236.38130841122, 104095.59150943396
2025-01-18 06:29:00, 104236.38130841122, 104095.59150943396
2025-01-18 06:30:00, 104236.38130841122, 104095.59150943396
2025-01-18 06:31:00, 104236.38130841122, 104095.59150943396
2025-01-18 06:32:00, 104236.38130841122, 104095.59150943396
2025-01-18 06:33:00, 104239.28703703704, 104095.59150943396
2025-01-18 06:34:00, 104239.28703703704, 104095.59150943396
2025-01-18 06:35:00, 104239.28703703704, 104095.59150943396
2025-01-18 06:36:00, 104239.28703703704, 104095.59150943396
2025-01-18 06:37:00, 104239.28703703704, 104095.59150943396
2025-01-18 06:38:00, 104239.28703703704, 104095.59150943396
2025-01-18 06:39:00, 104239.28703703704, 104095.59150943396
2025-01-18 06:40:00, 104239.28703703704, 104095.59150943396
2025-01-18 06:41:00, 104239.28703703704, 104095.59150943396
2025-01-18 06:42:00, 104239.28703703704, 104095.59150943396
2025-01-18 06:43:00, 104239.28703703704, 104095.59150943396
2025-01-18 06:44:00, 104242.17247706422, 104095.59150943396
2025-01-18 06:45:00, 104242.17247706422, 104095.59150943396
2025-01-18 06:46:00, 104242.17247706422, 104095.59150943396
2025-01-18 06:47:00, 104242.17247706422, 104095.59150943396
2025-01-18 06:48:00, 104242.17247706422, 104095.59150943396
2025-01-18 06:49:00, 104242.58545454545, 104095.59150943396
2025-01-18 06:50:00, 104242.58545454545, 104095.59150943396
2025-01-18 06:51:00, 104242.58545454545, 104098.26728971963
2025-01-18 06:53:00, 104242.58545454545, 104098.26728971963
2025-01-18 06:54:00, 104242.58545454545, 104101.06944444444
2025-01-18 06:55:00, 104242.58545454545, 104101.06944444444
2025-01-18 06:56:00, 104242.58545454545, 104101.06944444444
2025-01-18 06:57:00, 104242.58545454545, 104101.06944444444
2025-01-18 06:58:00, 104242.58545454545, 104101.06944444444
2025-01-18 06:59:00, 104242.58545454545, 104101.06944444444
2025-01-18 07:00:00, 104242.58545454545, 104101.06944444444
2025-01-18 07:01:00, 104242.58545454545, 104101.06944444444
2025-01-18 07:02:00, 104243.43693693694, 104101.06944444444
2025-01-18 07:03:00, 104243.43693693694, 104101.06944444444
2025-01-18 07:04:00, 104244.4625, 104101.06944444444
2025-01-18 07:05:00, 104244.4625, 104103.06697247707
2025-01-18 07:06:00, 104244.4625, 104103.06697247707
2025-01-18 07:07:00, 104245.21504424779, 104103.06697247707
2025-01-18 07:08:00, 104245.21504424779, 104103.06697247707
2025-01-18 07:09:00, 104245.21504424779, 104103.06697247707
2025-01-18 07:10:00, 104245.21504424779, 104105.32818181819
2025-01-18 07:11:00, 104245.21504424779, 104105.32818181819
2025-01-18 07:12:00, 104245.21504424779, 104105.32818181819
2025-01-18 07:13:00, 104245.21504424779, 104105.32818181819
2025-01-18 07:14:00, 104245.21504424779, 104105.32818181819
2025-01-18 07:15:00, 104245.21504424779, 104105.32818181819
2025-01-18 07:16:00, 104245.21504424779, 104105.32818181819
2025-01-18 07:17:00, 104245.21504424779, 104107.98378378378
2025-01-18 07:18:00, 104245.21504424779, 104107.98378378378
2025-01-18 07:19:00, 104245.21504424779, 104110.42410714286
2025-01-18 07:20:00, 104246.52280701755, 104110.42410714286
2025-01-18 07:21:00, 104246.52280701755, 104110.42410714286
2025-01-18 07:22:00, 104246.52280701755, 104110.42410714286
2025-01-18 07:23:00, 104248.06173913044, 104110.42410714286
2025-01-18 07:24:00, 104248.06173913044, 104110.42410714286
2025-01-18 07:25:00, 104248.06173913044, 104110.42410714286
2025-01-18 07:26:00, 104248.06173913044, 104110.42410714286
2025-01-18 07:27:00, 104248.06173913044, 104113.46902654867
2025-01-18 07:28:00, 104248.06173913044, 104113.46902654867
2025-01-18 07:29:00, 104248.06173913044, 104113.46902654867
2025-01-18 07:30:00, 104248.06173913044, 104113.46902654867
2025-01-18 07:31:00, 104248.06173913044, 104113.46902654867
2025-01-18 07:32:00, 104248.06173913044, 104113.46902654867
2025-01-18 07:33:00, 104248.06173913044, 104113.46902654867
2025-01-18 07:34:00, 104248.06173913044, 104113.46902654867
2025-01-18 07:35:00, 104248.06173913044, 104113.46902654867
2025-01-18 07:36:00, 104248.06173913044, 104114.8447368421
2025-01-18 07:37:00, 104248.06173913044, 104114.8447368421
2025-01-18 07:38:00, 104248.06173913044, 104114.8447368421
2025-01-18 07:39:00, 104248.06173913044, 104116.24347826088
2025-01-18 07:40:00, 104248.06173913044, 104116.24347826088
2025-01-18 07:41:00, 104248.06173913044, 104116.24347826088
2025-01-18 07:42:00, 104248.06173913044, 104116.24347826088
2025-01-18 07:44:00, 104248.06173913044, 104117.2051724138
2025-01-18 07:45:00, 104248.06173913044, 104117.2051724138
2025-01-18 07:46:00, 104248.06173913044, 104117.2051724138
2025-01-18 07:47:00, 104248.06173913044, 104117.2051724138
2025-01-18 07:48:00, 104247.31034482758, 104117.2051724138
2025-01-18 07:49:00, 104247.31034482758, 104117.2051724138
2025-01-18 07:50:00, 104247.31034482758, 104117.2051724138
2025-01-18 07:51:00, 104247.31034482758, 104117.2051724138
2025-01-18 07:52:00, 104247.31034482758, 104117.2051724138
2025-01-18 07:53:00, 104247.31034482758, 104116.83760683761
2025-01-18 07:54:00, 104246.21709401709, 104116.83760683761
2025-01-18 07:55:00, 104246.21709401709, 104116.83760683761
2025-01-18 07:56:00, 104246.21709401709, 104116.83760683761
2025-01-18 07:57:00, 104246.21709401709, 104116.83760683761
2025-01-18 07:58:00, 104246.21709401709, 104116.83760683761
2025-01-18 07:59:00, 104246.21709401709, 104116.83760683761
2025-01-18 08:00:00, 104245.13305084746, 104116.83760683761
2025-01-18 08:01:00, 104245.13305084746, 104116.55508474576
2025-01-18 08:02:00, 104245.13305084746, 104116.55508474576
2025-01-18 08:03:00, 104243.91344537814, 104116.55508474576
2025-01-18 08:04:00, 104243.91344537814, 104116.55508474576
2025-01-18 08:05:00, 104243.91344537814, 104117.2487394958
2025-01-18 08:06:00, 104243.91344537814, 104117.2487394958
2025-01-18 08:07:00, 104243.91344537814, 104117.2487394958
2025-01-18 08:08:00, 104243.91344537814, 104117.2487394958
2025-01-18 08:09:00, 104243.91344537814, 104118.68833333334
2025-01-18 08:10:00, 104244.87916666667, 104118.68833333334
2025-01-18 08:11:00, 104244.87916666667, 104120.18677685951
2025-01-18 08:12:00, 104244.87916666667, 104120.18677685951
2025-01-18 08:13:00, 104244.87916666667, 104120.18677685951
2025-01-18 08:14:00, 104244.87916666667, 104120.18677685951
2025-01-18 08:15:00, 104244.87916666667, 104120.18677685951
2025-01-18 08:16:00, 104244.87916666667, 104120.18677685951
2025-01-18 08:17:00, 104244.87916666667, 104122.74262295083
2025-01-18 08:18:00, 104244.87916666667, 104122.74262295083
2025-01-18 08:19:00, 104244.87916666667, 104122.74262295083
2025-01-18 08:20:00, 104244.87916666667, 104122.74262295083
2025-01-18 08:21:00, 104244.87916666667, 104122.74262295083
2025-01-18 08:22:00, 104244.87916666667, 104122.74262295083
2025-01-18 08:23:00, 104244.87916666667, 104122.74262295083
2025-01-18 08:24:00, 104244.87916666667, 104123.85691056911
2025-01-18 08:25:00, 104244.87916666667, 104123.85691056911
2025-01-18 08:26:00, 104244.87916666667, 104123.85691056911
2025-01-18 08:27:00, 104244.87916666667, 104123.85691056911
2025-01-18 08:28:00, 104244.53305785124, 104123.85691056911
2025-01-18 08:29:00, 104244.53305785124, 104123.85691056911
2025-01-18 08:30:00, 104244.53305785124, 104123.85691056911
2025-01-18 08:31:00, 104244.6975409836, 104123.85691056911
2025-01-18 08:32:00, 104244.6975409836, 104123.85691056911
2025-01-18 08:33:00, 104244.6975409836, 104124.94919354838
2025-01-18 08:34:00, 104244.6975409836, 104124.94919354838
2025-01-18 08:35:00, 104244.6975409836, 104124.94919354838
2025-01-18 08:36:00, 104244.6975409836, 104124.94919354838
2025-01-18 08:37:00, 104244.6975409836, 104124.94919354838
2025-01-18 08:38:00, 104244.6975409836, 104124.94919354838
2025-01-18 08:40:00, 104244.6975409836, 104124.94919354838
2025-01-18 08:41:00, 104244.6975409836, 104124.94919354838
2025-01-18 08:42:00, 104244.6975409836, 104124.94919354838
2025-01-18 08:43:00, 104244.6975409836, 104124.94919354838
2025-01-18 08:44:00, 104244.6975409836, 104124.94919354838
2025-01-18 08:45:00, 104244.6975409836, 104124.94919354838
2025-01-18 08:46:00, 104246.91544715448, 104124.94919354838
2025-01-18 08:47:00, 104246.91544715448, 104128.228
2025-01-18 08:48:00, 104246.91544715448, 104128.228
2025-01-18 08:49:00, 104246.91544715448, 104131.45634920635
2025-01-18 08:50:00, 104246.91544715448, 104131.45634920635
2025-01-18 08:51:00, 104248.96290322581, 104131.45634920635
2025-01-18 08:52:00, 104248.96290322581, 104131.45634920635
2025-01-18 08:53:00, 104248.96290322581, 104131.45634920635
2025-01-18 08:54:00, 104248.96290322581, 104131.45634920635
2025-01-18 08:55:00, 104248.96290322581, 104131.45634920635
2025-01-18 08:56:00, 104251.38, 104131.45634920635
2025-01-18 08:57:00, 104251.38, 104131.45634920635
2025-01-18 08:58:00, 104251.38, 104134.56535433071
2025-01-18 08:59:00, 104251.38, 104134.56535433071
2025-01-18 09:00:00, 104251.38, 104134.56535433071
2025-01-18 09:01:00, 104251.38, 104137.5484375
2025-01-18 09:02:00, 104253.40793650794, 104137.5484375
2025-01-18 09:03:00, 104253.40793650794, 104140.06434108528
2025-01-18 09:04:00, 104253.40793650794, 104140.06434108528
2025-01-18 09:05:00, 104253.40793650794, 104140.06434108528
2025-01-18 09:06:00, 104253.40793650794, 104142.23692307693
2025-01-18 09:07:00, 104253.40793650794, 104142.23692307693
2025-01-18 09:08:00, 104253.40793650794, 104142.23692307693
2025-01-18 09:09:00, 104253.40793650794, 104142.23692307693
2025-01-18 09:10:00, 104253.40793650794, 104142.23692307693
2025-01-18 09:11:00, 104253.40793650794, 104142.23692307693
2025-01-18 09:12:00, 104253.40793650794, 104142.23692307693
2025-01-18 09:13:00, 104253.40793650794, 104144.34427480916
2025-01-18 09:14:00, 104254.63779527559, 104144.34427480916
2025-01-18 09:15:00, 104254.63779527559, 104144.34427480916
2025-01-18 09:16:00, 104254.8046875, 104144.34427480916
2025-01-18 09:17:00, 104254.8046875, 104144.34427480916
2025-01-18 09:18:00, 104255.1550387597, 104144.34427480916
2025-01-18 09:19:00, 104255.1550387597, 104145.74318181818
2025-01-18 09:20:00, 104256.02615384615, 104145.74318181818
2025-01-18 09:21:00, 104256.02615384615, 104145.74318181818
2025-01-18 09:22:00, 104256.02615384615, 104147.52255639098
2025-01-18 09:23:00, 104257.42366412214, 104147.52255639098
2025-01-18 09:24:00, 104257.42366412214, 104147.52255639098
2025-01-18 09:25:00, 104257.42366412214, 104147.52255639098
2025-01-18 09:26:00, 104257.42366412214, 104147.52255639098
2025-01-18 09:27:00, 104257.42366412214, 104147.52255639098
2025-01-18 09:28:00, 104259.67954545455, 104147.52255639098
2025-01-18 09:29:00, 104259.67954545455, 104150.31492537314
2025-01-18 09:31:00, 104259.67954545455, 104150.31492537314
2025-01-18 09:32:00, 104260.75338345865, 104150.31492537314
2025-01-18 09:33:00, 104260.75338345865, 104150.31492537314
2025-01-18 09:34:00, 104260.75338345865, 104150.31492537314
2025-01-18 09:35:00, 104260.75338345865, 104150.31492537314
2025-01-18 09:36:00, 104260.75338345865, 104150.31492537314
2025-01-18 09:37:00, 104261.27462686568, 104150.31492537314
2025-01-18 09:38:00, 104261.27462686568, 104150.31492537314
2025-01-18 09:39:00, 104261.27462686568, 104150.31492537314
2025-01-18 09:40:00, 104261.27462686568, 104151.64592592593
2025-01-18 09:41:00, 104261.27462686568, 104151.64592592593
2025-01-18 09:42:00, 104262.15555555555, 104151.64592592593
2025-01-18 09:43:00, 104262.15555555555, 104151.64592592593
2025-01-18 09:44:00, 104262.15555555555, 104152.29411764706
2025-01-18 09:45:00, 104262.15555555555, 104152.29411764706
2025-01-18 09:46:00, 104262.15555555555, 104152.29411764706
2025-01-18 09:47:00, 104262.15555555555, 104152.29411764706
2025-01-18 09:48:00, 104261.01985294117, 104152.29411764706
2025-01-18 09:49:00, 104261.01985294117, 104152.39562043795
2025-01-18 09:50:00, 104261.01985294117, 104152.39562043795
2025-01-18 09:51:00, 104261.01985294117, 104152.39562043795
2025-01-18 09:52:00, 104261.01985294117, 104152.39562043795
2025-01-18 09:53:00, 104261.01985294117, 104152.39562043795
2025-01-18 09:54:00, 104261.01985294117, 104152.39562043795
2025-01-18 09:55:00, 104260.7204379562, 104152.39562043795
2025-01-18 09:56:00, 104260.7204379562, 104152.72246376812
2025-01-18 09:57:00, 104260.7204379562, 104152.72246376812
2025-01-18 09:58:00, 104260.7204379562, 104152.72246376812
2025-01-18 09:59:00, 104260.7204379562, 104152.72246376812
2025-01-18 10:00:00, 104260.7204379562, 104152.72246376812
2025-01-18 10:01:00, 104260.7204379562, 104152.72246376812
2025-01-18 10:02:00, 104260.7204379562, 104152.72246376812
2025-01-18 10:03:00, 104260.7204379562, 104152.72246376812
2025-01-18 10:04:00, 104260.7204379562, 104152.72246376812
2025-01-18 10:05:00, 104260.7204379562, 104152.72246376812
2025-01-18 10:06:00, 104260.7204379562, 104152.72246376812
2025-01-18 10:07:00, 104261.14855072464, 104153.92446043165
2025-01-18 10:08:00, 104261.14855072464, 104153.92446043165
2025-01-18 10:09:00, 104261.14855072464, 104153.92446043165
2025-01-18 10:10:00, 104261.14855072464, 104153.92446043165
2025-01-18 10:11:00, 104261.14855072464, 104153.92446043165
2025-01-18 10:12:00, 104261.14855072464, 104153.92446043165
2025-01-18 10:13:00, 104261.14855072464, 104153.92446043165
2025-01-18 10:14:00, 104261.75683453237, 104153.92446043165
2025-01-18 10:15:00, 104261.75683453237, 104153.92446043165
2025-01-18 10:17:00, 104261.75683453237, 104153.92446043165
2025-01-18 10:18:00, 104261.75683453237, 104153.92446043165
2025-01-18 10:19:00, 104261.75683453237, 104153.92446043165
2025-01-18 10:20:00, 104261.75683453237, 104153.92446043165
2025-01-18 10:21:00, 104262.58785714286, 104153.92446043165
2025-01-18 10:22:00, 104262.58785714286, 104153.92446043165
2025-01-18 10:23:00, 104262.58785714286, 104155.46571428572
2025-01-18 10:24:00, 104262.58785714286, 104155.46571428572
2025-01-18 10:25:00, 104262.58785714286, 104155.46571428572
2025-01-18 10:26:00, 104262.58785714286, 104155.46571428572
2025-01-18 10:27:00, 104262.58785714286, 104155.46571428572
2025-01-18 10:28:00, 104262.58785714286, 104155.46571428572
2025-01-18 10:29:00, 104262.58785714286, 104155.46571428572
2025-01-18 10:30:00, 104262.58785714286, 104155.46571428572
2025-01-18 10:31:00, 104263.05035460994, 104155.46571428572
2025-01-18 10:32:00, 104263.05035460994, 104155.46571428572
2025-01-18 10:33:00, 104263.05035460994, 104155.46571428572
2025-01-18 10:34:00, 104263.05035460994, 104156.704964539
2025-01-18 10:35:00, 104263.05035460994, 104156.704964539
2025-01-18 10:36:00, 104263.05035460994, 104156.704964539
2025-01-18 10:37:00, 104263.05035460994, 104156.704964539
2025-01-18 10:38:00, 104263.05035460994, 104158.39225352113
2025-01-18 10:39:00, 104263.05035460994, 104158.39225352113
2025-01-18 10:40:00, 104263.65915492958, 104158.39225352113
2025-01-18 10:41:00, 104263.65915492958, 104158.39225352113
2025-01-18 10:42:00, 104263.65915492958, 104158.39225352113
2025-01-18 10:43:00, 104263.65915492958, 104158.39225352113
2025-01-18 10:44:00, 104263.65915492958, 104158.39225352113
2025-01-18 10:45:00, 104263.65915492958, 104158.39225352113
2025-01-18 10:46:00, 104263.65915492958, 104160.01748251748
2025-01-18 10:47:00, 104263.65915492958, 104160.01748251748
2025-01-18 10:48:00, 104263.65915492958, 104160.01748251748
2025-01-18 10:49:00, 104263.65915492958, 104160.01748251748
2025-01-18 10:50:00, 104263.65915492958, 104160.01748251748
2025-01-18 10:51:00, 104263.65915492958, 104160.01748251748
2025-01-18 10:52:00, 104263.65915492958, 104160.01748251748
2025-01-18 10:53:00, 104263.65915492958, 104161.39097222222
2025-01-18 10:54:00, 104263.65915492958, 104161.39097222222
2025-01-18 10:55:00, 104263.65915492958, 104161.39097222222
2025-01-18 10:56:00, 104263.65915492958, 104161.39097222222
2025-01-18 10:57:00, 104263.4944055944, 104161.39097222222
2025-01-18 10:58:00, 104263.4944055944, 104161.39097222222
2025-01-18 10:59:00, 104263.4944055944, 104161.39097222222
2025-01-18 11:00:00, 104263.4944055944, 104161.39097222222
2025-01-18 11:01:00, 104263.4944055944, 104161.39097222222
2025-01-18 11:02:00, 104263.4944055944, 104161.39097222222
2025-01-18 11:03:00, 104263.4944055944, 104162.31931034483
2025-01-18 11:04:00, 104263.4944055944, 104162.31931034483
2025-01-18 11:05:00, 104263.4944055944, 104162.31931034483
2025-01-18 11:06:00, 104263.4944055944, 104162.31931034483
2025-01-18 11:08:00, 104264.16597222222, 104162.31931034483
2025-01-18 11:09:00, 104264.16597222222, 104162.31931034483
2025-01-18 11:10:00, 104264.16597222222, 104162.31931034483
2025-01-18 11:11:00, 104264.16597222222, 104163.94657534246
2025-01-18 11:12:00, 104264.16597222222, 104163.94657534246
2025-01-18 11:13:00, 104264.16597222222, 104163.94657534246
2025-01-18 11:14:00, 104264.16597222222, 104165.31292517007
2025-01-18 11:15:00, 104264.16597222222, 104165.31292517007
2025-01-18 11:16:00, 104264.16597222222, 104165.31292517007
2025-01-18 11:17:00, 104264.75793103449, 104165.31292517007
2025-01-18 11:18:00, 104264.75793103449, 104165.31292517007
2025-01-18 11:19:00, 104264.75793103449, 104165.31292517007
2025-01-18 11:20:00, 104264.75793103449, 104165.31292517007
2025-01-18 11:21:00, 104264.75793103449, 104165.31292517007
2025-01-18 11:22:00, 104264.75793103449, 104165.31292517007
2025-01-18 11:23:00, 104264.75793103449, 104165.31292517007
2025-01-18 11:24:00, 104264.75793103449, 104165.31292517007
2025-01-18 11:25:00, 104264.75793103449, 104165.3527027027
2025-01-18 11:26:00, 104264.75793103449, 104165.3527027027
2025-01-18 11:27:00, 104264.75793103449, 104164.55167785235
2025-01-18 11:28:00, 104263.89178082191, 104164.55167785235
2025-01-18 11:29:00, 104263.89178082191, 104164.55167785235
2025-01-18 11:30:00, 104263.89178082191, 104164.53600000001
2025-01-18 11:31:00, 104263.89178082191, 104164.53600000001
2025-01-18 11:32:00, 104262.95238095238, 104164.27947019867
2025-01-18 11:33:00, 104262.95238095238, 104164.27947019867
2025-01-18 11:34:00, 104262.95238095238, 104164.27947019867
2025-01-18 11:35:00, 104262.95238095238, 104164.27947019867
2025-01-18 11:36:00, 104262.95238095238, 104164.27947019867
2025-01-18 11:37:00, 104262.95238095238, 104164.27947019867
2025-01-18 11:38:00, 104262.95238095238, 104164.27947019867
2025-01-18 11:39:00, 104259.45608108108, 104164.27947019867
2025-01-18 11:40:00, 104259.45608108108, 104160.43026315789
2025-01-18 11:41:00, 104259.45608108108, 104160.43026315789
2025-01-18 11:42:00, 104259.45608108108, 104160.43026315789
