,date,open,high,low,close,volume,quote_volume
0,2024-12-28 14:10:00,94554.3,94555.8,94520.7,94554.1,31.784,3004784.8333
1,2024-12-28 14:11:00,94554.1,94554.1,94551.6,94551.7,4.916,464816.7383
2,2024-12-28 14:12:00,94504.9,94510.0,94504.8,94510.0,6.146,580830.1476
3,2024-12-28 14:13:00,94504.8,94515.7,94504.8,94504.9,9.915,937059.5931
4,2024-12-28 14:14:00,94516.8,94533.6,94516.8,94531.3,5.524,522172.6513
5,2024-12-28 14:15:00,94529.5,94579.7,94529.4,94579.6,33.85,3200373.8312
6,2024-12-28 14:16:00,94589.9,94590.0,94567.1,94567.2,11.998,1134765.6156
7,2024-12-28 14:17:00,94567.1,94570.0,94500.0,94500.1,41.791,3950639.9308
8,2024-12-28 14:18:00,94475.1,94523.9,94470.6,94470.6,122.138,11541600.2022
9,2024-12-28 14:19:00,94470.6,94511.9,94470.6,94505.8,49.564,4683587.653
10,2024-12-28 14:20:00,94494.8,94529.0,94494.8,94529.0,12.932,1222123.45
11,2024-12-28 14:21:00,94522.1,94531.5,94489.4,94498.5,13.02,1230525.1332
12,2024-12-28 14:22:00,94488.0,94512.8,94488.0,94506.9,29.608,2798002.3798
13,2024-12-28 14:23:00,94506.9,94540.0,94506.9,94539.9,25.609,2420699.9571
14,2024-12-28 14:24:00,94540.0,94558.0,94540.0,94552.6,24.388,2305913.2201
15,2024-12-28 14:25:00,94555.7,94558.0,94533.5,94533.5,11.517,1088909.5257
16,2024-12-28 14:27:00,94510.0,94510.1,94510.0,94510.0,2.009,189870.5906
17,2024-12-28 14:28:00,94503.2,94506.6,94503.2,94506.5,0.639,60389.4358
18,2024-12-28 14:29:00,94498.1,94500.2,94498.0,94500.2,3.614,341516.7373
19,2024-12-28 14:30:00,94505.6,94505.6,94491.0,94492.1,9.252,874303.1104
20,2024-12-28 14:31:00,94504.5,94544.4,94504.5,94522.2,7.127,673695.5021
21,2024-12-28 14:32:00,94473.1,94473.1,94473.0,94473.1,4.289,405194.9232
22,2024-12-28 14:33:00,94460.1,94460.1,94455.0,94460.0,7.033,664323.1471
23,2024-12-28 14:34:00,94459.1,94459.1,94446.8,94446.8,24.541,2317901.9191
24,2024-12-28 14:35:00,94451.9,94475.0,94451.8,94470.1,15.931,1504946.8046
25,2024-12-28 14:36:00,94425.1,94429.4,94351.0,94361.7,73.38,6925825.8815
26,2024-12-28 14:37:00,94432.5,94456.0,94432.4,94455.9,7.688,726059.0744
27,2024-12-28 14:38:00,94470.0,94470.0,94441.7,94441.7,10.882,1027840.1268
28,2024-12-28 14:39:00,94423.8,94425.6,94372.2,94372.3,12.236,1155167.6628
29,2024-12-28 14:40:00,94376.1,94407.3,94367.0,94407.3,27.414,2587445.0861
30,2024-12-28 14:41:00,94413.4,94413.5,94413.4,94413.4,5.356,505678.4558
31,2024-12-28 14:42:00,94400.1,94400.1,94377.5,94383.2,13.988,1320268.7522
32,2024-12-28 14:43:00,94377.5,94408.1,94370.0,94408.0,28.73,2711835.4006
33,2024-12-28 14:44:00,94420.0,94420.6,94401.3,94401.4,36.911,3484910.6321
34,2024-12-28 14:45:00,94401.4,94412.0,94390.0,94412.0,23.573,2225333.2771
35,2024-12-28 14:46:00,94412.0,94448.0,94406.7,94406.7,36.939,3488237.4527
36,2024-12-28 14:48:00,94406.5,94406.6,94406.5,94406.6,0.426,40217.2068
37,2024-12-28 14:49:00,94395.6,94395.6,94395.5,94395.5,0.37,34926.3462
38,2024-12-28 14:50:00,94417.9,94422.9,94416.0,94416.1,1.68,158622.8718
39,2024-12-28 14:51:00,94374.8,94374.9,94374.8,94374.9,0.345,32559.3193
40,2024-12-28 14:52:00,94394.1,94394.2,94390.0,94393.8,4.344,410036.3545
41,2024-12-28 14:53:00,94394.2,94399.2,94371.0,94385.4,12.621,1191223.0203
42,2024-12-28 14:54:00,94407.0,94424.0,94406.9,94424.0,6.226,587810.8067
43,2024-12-28 14:55:00,94460.8,94460.8,94437.1,94441.9,18.291,1727493.8386
44,2024-12-28 14:56:00,94441.8,94446.6,94427.6,94427.6,32.091,3030739.7804
45,2024-12-28 14:57:00,94420.4,94420.4,94416.9,94416.9,4.954,467749.4171
46,2024-12-28 14:58:00,94402.7,94402.8,94400.0,94400.0,7.026,663266.387
47,2024-12-28 14:59:00,94422.9,94430.8,94422.8,94430.7,4.324,408301.4798
48,2024-12-28 15:00:00,94424.5,94462.0,94424.5,94461.9,15.348,1449531.365
49,2024-12-28 15:01:00,94453.7,94486.0,94436.3,94485.9,23.948,2262224.794
50,2024-12-28 15:02:00,94500.1,94536.0,94500.1,94535.9,29.24,2763829.4278
51,2024-12-28 15:03:00,94498.5,94513.2,94479.6,94513.2,21.484,2030213.0312
52,2024-12-28 15:04:00,94508.0,94536.3,94508.0,94530.0,30.611,2893498.3643
53,2024-12-28 15:05:00,94536.3,94546.5,94518.0,94518.0,58.543,5534459.724
54,2024-12-28 15:06:00,94500.0,94504.8,94479.6,94479.6,17.29,1633816.4249
55,2024-12-28 15:07:00,94472.4,94474.0,94452.8,94465.6,10.847,1024631.9111
56,2024-12-28 15:09:00,94485.4,94485.4,94485.3,94485.3,0.088,8314.7124
57,2024-12-28 15:10:00,94521.4,94523.6,94521.4,94523.6,1.097,103690.0961
58,2024-12-28 15:11:00,94517.2,94517.3,94517.2,94517.2,0.625,59073.29
59,2024-12-28 15:12:00,94526.6,94526.7,94526.6,94526.7,0.593,56054.3282
60,2024-12-28 15:13:00,94507.6,94507.7,94507.6,94507.6,1.563,147715.4599
61,2024-12-28 15:14:00,94512.0,94512.0,94511.9,94512.0,3.829,361886.0986
62,2024-12-28 15:15:00,94511.9,94512.0,94485.1,94485.2,6.87,649253.287
63,2024-12-28 15:16:00,94468.5,94468.6,94451.1,94451.2,5.848,552381.0085
64,2024-12-28 15:17:00,94460.7,94487.4,94458.7,94487.4,8.281,782305.726
65,2024-12-28 15:18:00,94494.5,94500.0,94494.5,94500.0,6.783,640988.3961
66,2024-12-28 15:19:00,94499.9,94550.5,94499.9,94550.5,38.635,3652639.1242
67,2024-12-28 15:20:00,94550.4,94584.7,94550.4,94577.2,66.321,6271983.3692
68,2024-12-28 15:21:00,94577.3,94577.3,94564.8,94564.9,7.375,697459.7033
69,2024-12-28 15:22:00,94564.8,94573.1,94564.8,94573.1,11.074,1047230.4104
70,2024-12-28 15:23:00,94573.0,94583.5,94567.2,94567.3,20.725,1960119.8034
71,2024-12-28 15:24:00,94567.3,94567.3,94556.0,94557.8,8.458,799793.0416
72,2024-12-28 15:25:00,94557.9,94557.9,94550.4,94550.4,7.049,666517.2637
73,2024-12-28 15:26:00,94550.4,94563.6,94539.1,94563.6,52.809,4993077.1852
74,2024-12-28 15:28:00,94516.7,94516.7,94507.9,94507.9,2.36,223042.0587
75,2024-12-28 15:29:00,94517.6,94522.0,94517.5,94521.9,1.497,141493.7731
76,2024-12-28 15:30:00,94510.5,94510.5,94510.4,94510.5,1.328,125509.9285
77,2024-12-28 15:31:00,94463.6,94463.6,94461.0,94461.0,5.173,488654.748
78,2024-12-28 15:32:00,94423.0,94431.7,94422.2,94431.7,11.985,1131687.662
79,2024-12-28 15:33:00,94439.5,94439.5,94439.4,94439.4,8.711,822662.1128
80,2024-12-28 15:34:00,94408.2,94440.2,94408.1,94440.2,12.066,1139405.29
81,2024-12-28 15:35:00,94448.4,94448.5,94448.4,94448.5,2.453,231682.119
82,2024-12-28 15:36:00,94442.9,94443.0,94428.9,94429.0,7.191,679119.5162
83,2024-12-28 15:37:00,94427.5,94434.3,94427.5,94434.3,2.804,264784.2953
84,2024-12-28 15:38:00,94445.5,94445.5,94445.4,94445.5,3.511,331597.8406
85,2024-12-28 15:39:00,94434.4,94434.4,94434.3,94434.4,1.937,182919.3255
86,2024-12-28 15:40:00,94417.3,94417.4,94408.8,94408.9,8.772,828207.3126
87,2024-12-28 15:41:00,94392.4,94392.5,94385.0,94385.0,15.629,1475236.8949
88,2024-12-28 15:42:00,94369.2,94369.2,94360.0,94360.1,8.077,762190.499
89,2024-12-28 15:43:00,94351.0,94351.1,94334.0,94334.0,18.102,1707828.6038
90,2024-12-28 15:44:00,94313.2,94341.1,94313.1,94341.1,24.445,2305642.5877
91,2024-12-28 15:45:00,94332.5,94332.5,94306.8,94306.8,25.223,2379076.5155
92,2024-12-28 15:46:00,94352.2,94352.2,94339.2,94339.4,23.822,2247595.956
93,2024-12-28 15:47:00,94338.2,94381.5,94317.1,94349.3,128.992,12169938.1316
94,2024-12-28 15:48:00,94323.9,94323.9,94300.0,94300.1,16.938,1597432.8766
95,2024-12-28 15:49:00,94300.0,94316.8,94300.0,94300.0,27.983,2638960.5618
96,2024-12-28 15:50:00,94270.4,94328.1,94270.4,94321.3,46.957,4427840.2413
97,2024-12-28 15:51:00,94330.0,94338.0,94267.2,94276.6,78.978,7447309.7708
98,2024-12-28 15:52:00,94276.6,94285.3,94269.6,94285.2,34.336,3237114.6737
99,2024-12-28 15:53:00,94282.2,94282.3,94259.7,94259.7,36.378,3429250.183
100,2024-12-28 15:54:00,94259.7,94305.0,94256.9,94305.0,73.967,6972749.1891
101,2024-12-28 15:56:00,94280.3,94280.3,94280.2,94280.2,0.157,14802.0061
102,2024-12-28 15:57:00,94300.1,94300.1,94295.5,94295.5,0.278,26214.4172
103,2024-12-28 15:58:00,94305.6,94305.6,94305.5,94305.5,1.088,102604.4461
104,2024-12-28 15:59:00,94334.6,94343.2,94334.5,94343.2,7.218,680916.357
105,2024-12-28 16:00:00,94334.6,94364.3,94334.6,94364.2,18.225,1719548.4046
106,2024-12-28 16:01:00,94383.9,94391.3,94383.9,94391.1,15.57,1469596.2605
107,2024-12-28 16:02:00,94416.6,94424.5,94400.1,94402.1,43.257,4084178.0315
108,2024-12-28 16:03:00,94411.1,94414.3,94411.0,94414.2,4.289,404933.1029
109,2024-12-28 16:04:00,94369.3,94397.8,94369.3,94397.8,17.453,1647255.9356
110,2024-12-28 16:05:00,94400.8,94417.9,94400.8,94417.9,11.538,1089348.941
111,2024-12-28 16:06:00,94408.2,94424.5,94408.1,94424.4,11.375,1074006.8709
112,2024-12-28 16:07:00,94423.5,94429.2,94419.7,94419.8,26.702,2521273.8077
113,2024-12-28 16:08:00,94423.5,94446.5,94423.4,94446.5,26.918,2541938.6412
114,2024-12-28 16:09:00,94446.5,94446.5,94418.2,94418.2,39.606,3740196.5433
115,2024-12-28 16:10:00,94394.7,94394.7,94338.5,94361.6,70.173,6621538.1195
116,2024-12-28 16:11:00,94363.4,94363.4,94350.0,94350.0,28.529,2691899.7386
117,2024-12-28 16:13:00,94378.1,94378.2,94378.1,94378.2,0.422,39827.5821
118,2024-12-28 16:14:00,94371.0,94385.3,94370.9,94385.3,1.699,160343.4855
119,2024-12-28 16:15:00,94394.5,94394.5,94385.5,94385.6,4.896,462117.8173
120,2024-12-28 16:16:00,94413.0,94413.0,94408.2,94408.3,1.64,154832.174
121,2024-12-28 16:17:00,94408.2,94408.2,94361.5,94361.5,16.057,1515654.9061
122,2024-12-28 16:18:00,94343.8,94361.6,94343.8,94356.9,8.02,756701.5922
123,2024-12-28 16:19:00,94357.0,94369.5,94357.0,94361.6,7.164,676029.5874
124,2024-12-28 16:20:00,94366.4,94366.4,94363.0,94363.0,6.716,633750.0731
125,2024-12-28 16:21:00,94320.0,94320.0,94280.1,94280.1,41.554,3918712.067
126,2024-12-28 16:22:00,94283.5,94321.3,94283.5,94314.4,11.501,1084506.1239
127,2024-12-28 16:23:00,94291.5,94325.7,94291.5,94305.1,98.667,9304484.686
128,2024-12-28 16:24:00,94305.7,94317.5,94295.4,94305.8,14.5,1367452.7825
129,2024-12-28 16:25:00,94305.5,94316.0,94305.4,94311.7,17.45,1645748.6872
130,2024-12-28 16:26:00,94325.3,94336.4,94309.7,94336.4,21.187,1998383.3106
131,2024-12-28 16:27:00,94368.2,94370.0,94361.1,94361.7,13.436,1267898.4365
132,2024-12-28 16:28:00,94361.8,94366.3,94348.8,94366.2,6.835,644928.8625
133,2024-12-28 16:29:00,94366.3,94366.3,94361.1,94361.1,6.95,655834.9834
134,2024-12-28 16:30:00,94361.1,94366.3,94356.9,94361.2,13.352,1259893.4219
135,2024-12-28 16:31:00,94361.2,94394.2,94361.2,94380.8,21.519,2030943.0852
136,2024-12-28 16:33:00,94394.1,94394.1,94385.2,94385.2,2.702,255049.0216
137,2024-12-28 16:34:00,94362.0,94362.0,94357.5,94357.5,0.477,45009.1035
138,2024-12-28 16:35:00,94325.9,94343.4,94325.9,94343.3,3.31,312243.9377
139,2024-12-28 16:36:00,94370.4,94370.4,94370.3,94370.4,1.381,130325.4854
140,2024-12-28 16:37:00,94426.8,94426.8,94408.8,94408.8,11.082,1046337.9946
141,2024-12-28 16:38:00,94410.9,94417.9,94410.9,94411.2,8.003,755576.6442
142,2024-12-28 16:39:00,94422.8,94428.3,94418.2,94428.2,10.167,959961.1868
143,2024-12-28 16:40:00,94435.0,94435.0,94425.4,94426.8,3.048,287824.9335
144,2024-12-28 16:41:00,94433.5,94434.7,94433.4,94434.6,6.328,597577.4351
145,2024-12-28 16:42:00,94438.4,94438.4,94434.6,94434.7,8.158,770418.6326
146,2024-12-28 16:43:00,94455.9,94455.9,94448.6,94448.7,11.817,1116175.2388
147,2024-12-28 16:44:00,94434.6,94441.8,94432.9,94441.7,17.582,1660404.7887
148,2024-12-28 16:45:00,94441.8,94445.0,94441.7,94445.0,8.176,772162.8793
149,2024-12-28 16:46:00,94449.0,94449.0,94434.1,94434.1,9.524,899450.017
150,2024-12-28 16:47:00,94434.1,94434.2,94404.0,94434.1,17.38,1640895.9522
151,2024-12-28 16:48:00,94449.0,94449.0,94430.1,94441.9,11.229,1060493.041
152,2024-12-28 16:49:00,94442.0,94444.8,94430.4,94444.8,11.673,1102392.7293
153,2024-12-28 16:50:00,94444.8,94466.8,94444.7,94466.8,24.153,2281407.519
154,2024-12-28 16:51:00,94466.8,94475.0,94466.7,94474.9,14.788,1397045.3127
155,2024-12-28 16:52:00,94475.0,94499.2,94475.0,94489.8,33.937,3206720.8072
156,2024-12-28 16:53:00,94489.9,94489.9,94450.0,94453.1,25.153,2376147.3231
157,2024-12-28 16:55:00,94426.5,94426.5,94426.4,94426.4,0.508,47968.6389
158,2024-12-28 16:56:00,94449.9,94450.0,94449.9,94450.0,0.977,92277.6164
159,2024-12-28 16:57:00,94441.8,94444.2,94441.8,94444.2,1.313,124002.2095
160,2024-12-28 16:58:00,94453.1,94453.1,94453.0,94453.0,0.814,76884.7629
161,2024-12-28 16:59:00,94439.7,94446.5,94439.7,94446.4,1.768,166977.2126
162,2024-12-28 17:00:00,94446.4,94446.4,94437.5,94440.7,12.25,1156893.4445
163,2024-12-28 17:01:00,94465.2,94490.2,94465.2,94490.2,18.704,1767167.599
164,2024-12-28 17:02:00,94498.0,94500.0,94497.9,94500.0,15.985,1510574.2618
165,2024-12-28 17:03:00,94513.9,94520.0,94513.9,94514.0,19.297,1823879.627
166,2024-12-28 17:04:00,94499.6,94500.0,94499.5,94499.9,3.003,283783.2892
167,2024-12-28 17:05:00,94500.9,94524.9,94500.9,94524.9,22.276,2105422.541
168,2024-12-28 17:06:00,94529.8,94578.2,94529.8,94578.1,135.153,12778626.2541
169,2024-12-28 17:07:00,94572.3,94586.8,94572.2,94586.7,28.135,2660869.29
170,2024-12-28 17:08:00,94592.2,94592.3,94575.3,94577.3,59.093,5589173.4628
171,2024-12-28 17:09:00,94535.5,94535.6,94513.2,94515.2,48.122,4548508.7287
172,2024-12-28 17:10:00,94515.1,94525.7,94515.1,94522.0,13.368,1263557.6583
173,2024-12-28 17:11:00,94519.9,94519.9,94519.8,94519.9,7.418,701148.039
174,2024-12-28 17:12:00,94519.9,94519.9,94519.8,94519.8,13.388,1265431.8472
175,2024-12-28 17:13:00,94519.9,94519.9,94474.3,94474.4,30.51,2883197.1374
176,2024-12-28 17:14:00,94474.3,94474.4,94457.6,94463.8,21.63,2043245.4608
177,2024-12-28 17:16:00,94555.1,94555.2,94555.1,94555.1,0.03,2836.6552
178,2024-12-28 17:17:00,94600.0,94600.0,94599.9,94599.9,1.36,128655.8829
179,2024-12-28 17:18:00,94591.2,94591.2,94577.9,94577.9,4.858,459517.0287
180,2024-12-28 17:19:00,94587.9,94588.0,94587.9,94588.0,1.364,129017.9296
181,2024-12-28 17:20:00,94594.8,94600.0,94594.7,94600.0,8.526,806543.4528
182,2024-12-28 17:21:00,94617.5,94620.5,94617.4,94620.4,14.178,1341521.4112
183,2024-12-28 17:22:00,94610.0,94610.0,94604.1,94604.4,7.066,668496.778
184,2024-12-28 17:23:00,94610.0,94615.0,94609.9,94615.0,8.732,826156.9288
185,2024-12-28 17:24:00,94614.9,94615.0,94614.9,94614.9,6.522,617078.888
186,2024-12-28 17:25:00,94615.0,94615.0,94610.0,94615.0,5.596,529453.6483
187,2024-12-28 17:26:00,94591.9,94591.9,94591.8,94591.8,5.931,561024.0436
188,2024-12-28 17:27:00,94575.0,94647.4,94574.9,94647.4,47.898,4532116.6994
189,2024-12-28 17:28:00,94632.2,94637.1,94608.1,94608.2,21.532,2037489.0683
190,2024-12-28 17:29:00,94600.0,94600.0,94557.7,94557.7,38.411,3633146.2625
191,2024-12-28 17:30:00,94545.4,94610.8,94545.4,94608.6,34.421,3255529.4196
192,2024-12-28 17:31:00,94582.7,94595.4,94563.7,94564.1,21.875,2068858.5377
193,2024-12-28 17:32:00,94569.3,94607.2,94551.2,94602.6,35.276,3336176.3217
194,2024-12-28 17:33:00,94602.5,94628.6,94602.5,94628.6,27.77,2627512.0808
195,2024-12-28 17:34:00,94637.3,94637.4,94619.9,94620.0,17.028,1611289.7964
196,2024-12-28 17:35:00,94619.9,94636.2,94619.9,94633.9,24.966,2362559.7232
197,2024-12-28 17:36:00,94633.9,94655.0,94626.1,94645.3,54.285,5137669.3456
198,2024-12-28 17:38:00,94605.5,94605.6,94603.2,94603.2,4.275,404438.4305
199,2024-12-28 17:39:00,94578.3,94592.3,94578.3,94583.7,2.971,281019.3602
200,2024-12-28 17:40:00,94560.1,94568.1,94560.0,94568.1,4.63,437815.749
201,2024-12-28 17:41:00,94568.0,94568.1,94568.0,94568.0,4.815,455345.347
202,2024-12-28 17:42:00,94560.0,94564.6,94560.0,94564.6,3.277,309885.7479
203,2024-12-28 17:43:00,94571.0,94571.0,94564.5,94564.5,6.009,568265.6238
204,2024-12-28 17:44:00,94562.7,94562.7,94562.6,94562.6,3.965,374940.9448
205,2024-12-28 17:45:00,94571.1,94597.6,94571.0,94593.8,18.834,1781368.3166
206,2024-12-28 17:46:00,94600.0,94600.0,94571.0,94571.0,11.768,1113154.6881
207,2024-12-28 17:47:00,94581.3,94609.1,94569.2,94608.8,48.284,4566821.4557
208,2024-12-28 17:48:00,94600.2,94606.3,94600.1,94606.3,5.693,538560.8502
209,2024-12-28 17:49:00,94600.1,94616.0,94600.1,94616.0,8.655,818837.1381
210,2024-12-28 17:50:00,94616.0,94628.4,94594.7,94594.7,30.852,2919206.1227
211,2024-12-28 17:51:00,94592.1,94611.9,94592.1,94606.3,10.709,1013069.2467
212,2024-12-28 17:52:00,94600.1,94600.1,94580.0,94600.0,8.751,827760.5939
213,2024-12-28 17:53:00,94599.9,94607.8,94587.5,94607.7,17.011,1609216.9801
214,2024-12-28 17:54:00,94607.7,94635.0,94607.7,94622.2,19.14,1811082.9514
215,2024-12-28 17:55:00,94622.2,94635.0,94600.0,94604.8,47.794,4522524.4292
216,2024-12-28 17:56:00,94610.4,94645.1,94610.4,94630.6,49.847,4717094.9307
217,2024-12-28 17:57:00,94630.9,94631.0,94630.9,94630.9,19.021,1799974.8567
218,2024-12-28 17:59:00,94581.5,94581.5,94574.6,94574.6,3.374,319106.5848
219,2024-12-28 18:00:00,94541.9,94568.0,94541.8,94568.0,8.962,847333.1763
220,2024-12-28 18:01:00,94608.9,94635.0,94608.9,94634.9,9.583,906816.938
221,2024-12-28 18:02:00,94607.2,94607.3,94596.3,94596.4,4.322,408867.9021
222,2024-12-28 18:03:00,94607.2,94607.2,94597.6,94597.7,3.284,310671.7303
223,2024-12-28 18:04:00,94578.9,94586.1,94578.8,94580.6,7.429,702646.3614
224,2024-12-28 18:05:00,94578.6,94578.6,94560.2,94568.7,9.82,928638.4074
225,2024-12-28 18:06:00,94599.0,94609.7,94591.9,94592.0,8.309,786057.7873
226,2024-12-28 18:07:00,94554.8,94554.9,94532.3,94532.3,18.2,1720729.9763
227,2024-12-28 18:08:00,94578.3,94587.6,94578.2,94578.3,9.067,857602.1767
228,2024-12-28 18:09:00,94573.1,94580.4,94573.1,94580.4,8.416,795964.024
229,2024-12-28 18:10:00,94580.4,94600.0,94580.4,94590.0,11.268,1065900.7628
230,2024-12-28 18:11:00,94571.2,94598.0,94558.3,94598.0,12.646,1195950.1637
231,2024-12-28 18:12:00,94589.2,94594.6,94578.8,94578.9,8.115,767585.7589
232,2024-12-28 18:13:00,94582.4,94582.5,94567.0,94567.1,6.18,584484.5497
233,2024-12-28 18:14:00,94532.7,94532.7,94528.8,94528.9,18.988,1794965.7808
234,2024-12-28 18:15:00,94516.1,94523.7,94510.0,94510.0,32.844,3104332.0176
235,2024-12-28 18:16:00,94510.0,94510.1,94464.7,94464.8,58.445,5522468.7506
236,2024-12-28 18:17:00,94464.7,94525.0,94460.0,94524.9,52.618,4970826.7358
237,2024-12-28 18:18:00,94520.2,94520.2,94479.3,94479.6,23.88,2256459.9842
238,2024-12-28 18:20:00,94470.2,94470.2,94470.1,94470.2,0.048,4534.5673
239,2024-12-28 18:21:00,94493.7,94493.8,94493.7,94493.8,0.077,7276.0182
240,2024-12-28 18:22:00,94531.1,94538.5,94531.0,94538.4,6.927,654819.8799
241,2024-12-28 18:23:00,94550.0,94568.0,94549.9,94567.9,10.011,946575.7403
242,2024-12-28 18:24:00,94557.4,94557.4,94557.3,94557.4,1.311,123964.7081
243,2024-12-28 18:25:00,94557.4,94557.4,94557.3,94557.3,1.934,182873.8778
244,2024-12-28 18:26:00,94569.4,94596.0,94569.3,94595.9,10.66,1008212.1533
245,2024-12-28 18:27:00,94620.0,94621.3,94619.9,94621.2,10.14,959447.578
246,2024-12-28 18:28:00,94616.5,94645.1,94616.4,94645.1,31.663,2996361.1653
247,2024-12-28 18:29:00,94652.4,94652.4,94640.4,94640.4,18.57,1757625.8302
248,2024-12-28 18:30:00,94635.6,94659.2,94623.2,94649.0,60.837,5757801.8802
249,2024-12-28 18:31:00,94655.0,94655.2,94651.8,94655.2,18.971,1795692.1292
250,2024-12-28 18:32:00,94655.1,94666.0,94655.1,94666.0,13.03,1233447.4406
251,2024-12-28 18:33:00,94665.9,94677.2,94642.1,94642.1,76.908,7280505.0965
252,2024-12-28 18:34:00,94622.7,94622.7,94585.5,94587.5,30.664,2900844.3552
253,2024-12-28 18:35:00,94584.0,94593.0,94545.8,94570.0,95.134,8996367.4238
254,2024-12-28 18:36:00,94580.3,94597.7,94580.2,94587.7,14.888,1408283.3064
255,2024-12-28 18:37:00,94576.9,94587.8,94499.8,94542.5,123.099,11636505.4868
256,2024-12-28 18:38:00,94545.8,94558.0,94534.1,94558.0,25.105,2373565.8618
257,2024-12-28 18:40:00,94587.7,94587.7,94587.6,94587.7,0.04,3783.5078
258,2024-12-28 18:41:00,94588.4,94588.4,94588.3,94588.4,3.231,305615.1089
259,2024-12-28 18:42:00,94608.8,94622.6,94608.7,94622.6,4.22,399255.5085
260,2024-12-28 18:43:00,94629.9,94630.0,94629.9,94630.0,1.513,143175.1187
261,2024-12-28 18:44:00,94613.4,94613.4,94613.3,94613.3,0.872,82502.8139
262,2024-12-28 18:45:00,94613.4,94613.4,94613.3,94613.4,1.429,135202.4249
263,2024-12-28 18:46:00,94618.3,94618.3,94611.8,94611.8,3.963,374964.4105
264,2024-12-28 18:47:00,94597.7,94635.0,94597.6,94635.0,59.149,5596345.0745
265,2024-12-28 18:48:00,94631.8,94637.3,94619.1,94631.8,7.773,735502.8621
266,2024-12-28 18:49:00,94650.0,94666.3,94649.9,94666.3,26.655,2523236.7404
267,2024-12-28 18:50:00,94666.3,94666.3,94641.2,94641.2,13.06,1236148.874
268,2024-12-28 18:51:00,94622.1,94641.0,94616.6,94616.6,6.437,609108.7475
269,2024-12-28 18:52:00,94600.9,94601.8,94589.1,94589.2,18.577,1757350.987
270,2024-12-28 18:53:00,94624.8,94645.7,94624.7,94645.7,7.622,721370.793
271,2024-12-28 18:54:00,94647.7,94658.8,94647.6,94658.8,9.973,943988.0727
272,2024-12-28 18:55:00,94658.7,94658.8,94628.8,94635.5,18.781,1777623.4383
273,2024-12-28 18:56:00,94625.4,94631.7,94591.0,94591.1,23.279,2202582.6447
274,2024-12-28 18:57:00,94560.0,94578.8,94550.0,94552.0,34.934,3303486.0071
275,2024-12-28 18:58:00,94551.9,94578.8,94551.9,94575.9,28.166,2663751.5639
276,2024-12-28 18:59:00,94575.9,94585.8,94562.6,94585.8,18.851,1782822.0103
277,2024-12-28 19:00:00,94585.8,94598.0,94585.6,94597.9,20.32,1922006.1704
278,2024-12-28 19:02:00,94581.0,94581.0,94581.0,94581.0,0.001,94.581
279,2024-12-28 19:03:00,94597.8,94597.8,94597.7,94597.7,3.434,324848.5044
280,2024-12-28 19:04:00,94593.5,94600.6,94593.5,94600.6,2.254,213215.5794
281,2024-12-28 19:05:00,94584.6,94584.6,94566.5,94566.5,3.64,344276.7683
282,2024-12-28 19:06:00,94569.8,94593.0,94569.7,94593.0,16.829,1591608.0698
283,2024-12-28 19:07:00,94569.1,94597.2,94569.0,94597.1,4.399,416063.149
284,2024-12-28 19:08:00,94587.2,94589.1,94587.2,94589.1,1.82,172150.8496
285,2024-12-28 19:09:00,94590.4,94590.5,94590.3,94590.5,3.711,351024.988
286,2024-12-28 19:10:00,94598.5,94602.2,94598.4,94602.2,6.703,634101.8131
287,2024-12-28 19:11:00,94619.6,94643.3,94619.5,94641.4,27.539,2605894.0905
288,2024-12-28 19:12:00,94625.6,94625.7,94625.6,94625.6,3.01,284823.2537
289,2024-12-28 19:13:00,94624.8,94624.8,94624.7,94624.7,1.581,149601.7325
290,2024-12-28 19:14:00,94653.0,94653.0,94629.6,94629.7,28.612,2707928.1439
291,2024-12-28 19:15:00,94636.4,94661.0,94636.4,94660.9,16.832,1593057.1846
292,2024-12-28 19:16:00,94661.0,94675.0,94660.9,94674.9,26.922,2548660.7936
293,2024-12-28 19:17:00,94674.9,94675.2,94665.5,94666.5,31.442,2976650.8176
294,2024-12-28 19:18:00,94666.5,94671.4,94610.6,94610.6,23.066,2183099.7045
295,2024-12-28 19:19:00,94608.0,94650.1,94602.1,94650.0,24.447,2313389.1571
296,2024-12-28 19:20:00,94650.1,94657.1,94600.0,94657.1,58.909,5574132.5736
297,2024-12-28 19:21:00,94659.9,94664.5,94643.5,94660.2,48.343,4575775.9546
298,2024-12-28 19:23:00,94638.2,94638.2,94638.1,94638.2,0.183,17318.7743
299,2024-12-28 19:24:00,94609.1,94609.1,94600.0,94600.0,3.544,335292.0155
300,2024-12-28 19:25:00,94639.4,94639.5,94631.8,94631.9,1.4,132489.1282
301,2024-12-28 19:26:00,94621.1,94621.1,94621.0,94621.1,0.965,91309.2773
302,2024-12-28 19:27:00,94625.8,94633.8,94625.8,94633.8,2.323,219817.5088
303,2024-12-28 19:28:00,94674.9,94687.1,94655.3,94678.4,36.153,3422782.7554
304,2024-12-28 19:29:00,94676.9,94687.1,94676.9,94687.0,8.34,789640.5873
305,2024-12-28 19:30:00,94699.9,94740.0,94691.4,94733.0,187.888,17796607.7034
306,2024-12-28 19:31:00,94710.5,94716.1,94692.4,94692.4,20.129,1906406.3735
307,2024-12-28 19:32:00,94653.7,94655.9,94627.4,94627.4,32.493,3075440.2994
308,2024-12-28 19:33:00,94638.6,94658.0,94638.5,94658.0,21.7,2053802.8661
309,2024-12-28 19:34:00,94660.0,94691.9,94657.0,94684.3,29.047,2749808.7612
310,2024-12-28 19:35:00,94671.5,94691.9,94645.7,94645.7,15.28,1446731.2044
311,2024-12-28 19:36:00,94649.3,94650.9,94643.1,94645.1,13.928,1318266.1532
312,2024-12-28 19:37:00,94649.1,94657.8,94645.5,94648.6,16.336,1546192.7712
313,2024-12-28 19:38:00,94649.9,94658.9,94636.2,94639.3,21.358,2021430.7867
314,2024-12-28 19:39:00,94639.4,94650.0,94639.3,94649.9,12.027,1138297.917
315,2024-12-28 19:40:00,94650.0,94650.0,94640.8,94650.0,19.416,1837713.8934
316,2024-12-28 19:42:00,94691.9,94691.9,94691.8,94691.8,0.062,5870.8949
317,2024-12-28 19:43:00,94657.7,94657.8,94657.7,94657.7,0.516,48843.3869
318,2024-12-28 19:44:00,94657.6,94657.7,94657.6,94657.7,2.649,250748.2069
319,2024-12-28 19:45:00,94663.9,94671.1,94663.9,94671.1,9.895,936708.7305
320,2024-12-28 19:46:00,94651.6,94651.7,94650.0,94650.0,9.189,869747.1986
321,2024-12-28 19:47:00,94659.3,94659.3,94651.7,94651.7,14.837,1404416.3033
322,2024-12-28 19:48:00,94649.2,94649.2,94639.6,94639.7,5.423,513256.334
323,2024-12-28 19:49:00,94607.2,94607.2,94602.5,94607.2,14.826,1402612.8117
324,2024-12-28 19:50:00,94625.0,94649.8,94624.9,94649.7,10.336,978199.1923
325,2024-12-28 19:51:00,94649.8,94649.8,94649.7,94649.7,1.948,184377.7047
326,2024-12-28 19:52:00,94694.2,94716.0,94694.1,94715.9,15.43,1461334.6484
327,2024-12-28 19:53:00,94708.1,94730.0,94708.0,94721.0,27.967,2649141.3932
328,2024-12-28 19:54:00,94700.0,94728.6,94700.0,94728.5,23.833,2257288.6053
329,2024-12-28 19:55:00,94732.8,94836.6,94732.7,94811.7,311.315,29511762.7255
330,2024-12-28 19:56:00,94800.1,94839.1,94800.0,94839.1,75.874,7194547.6946
331,2024-12-28 19:57:00,94788.6,94788.6,94700.0,94711.2,133.372,12635619.7022
332,2024-12-28 19:58:00,94721.0,94738.0,94714.2,94716.9,39.646,3755546.0865
333,2024-12-28 19:59:00,94711.4,94713.4,94711.3,94713.4,12.112,1147152.004
334,2024-12-28 20:00:00,94711.3,94739.6,94711.3,94739.6,57.283,5425822.7361
335,2024-12-28 20:01:00,94739.6,94782.4,94739.5,94739.6,58.723,5564944.4312
336,2024-12-28 20:02:00,94720.8,94732.8,94647.9,94732.8,122.016,11553107.885
337,2024-12-28 20:03:00,94732.8,94781.7,94706.6,94735.1,53.564,5074865.375
338,2024-12-28 20:05:00,94787.2,94797.9,94787.1,94791.9,4.463,423047.3285
339,2024-12-28 20:06:00,94810.0,94810.0,94809.9,94810.0,1.749,165822.6496
340,2024-12-28 20:07:00,94809.3,94810.0,94801.3,94807.5,6.196,587426.9055
341,2024-12-28 20:08:00,94821.6,94821.6,94810.0,94810.0,25.486,2416517.2959
342,2024-12-28 20:09:00,94780.4,94796.5,94769.1,94791.3,39.036,3699995.0705
343,2024-12-28 20:10:00,94759.3,94765.2,94759.3,94765.2,7.654,725295.9522
344,2024-12-28 20:11:00,94780.9,94784.6,94768.9,94772.9,24.958,2365544.7179
345,2024-12-28 20:12:00,94750.0,94773.0,94742.3,94758.7,15.942,1510576.4877
346,2024-12-28 20:13:00,94736.3,94746.6,94736.3,94746.5,13.474,1276569.586
347,2024-12-28 20:14:00,94728.9,94744.4,94728.8,94744.4,12.844,1216855.5894
348,2024-12-28 20:15:00,94717.1,94733.5,94700.1,94700.1,16.83,1594064.5501
349,2024-12-28 20:16:00,94666.9,94687.7,94649.6,94687.7,71.902,6806218.5685
350,2024-12-28 20:17:00,94687.7,94687.8,94664.0,94664.0,13.227,1252321.9377
351,2024-12-28 20:18:00,94630.2,94687.1,94630.2,94646.2,46.961,4445374.2835
352,2024-12-28 20:19:00,94675.0,94698.9,94671.0,94698.9,21.911,2074505.2674
353,2024-12-28 20:20:00,94698.8,94700.0,94666.0,94672.9,18.485,1750295.2048
354,2024-12-28 20:21:00,94666.1,94687.0,94666.0,94678.5,16.266,1539958.5997
355,2024-12-28 20:22:00,94678.5,94700.0,94678.4,94690.9,10.654,1008893.3165
356,2024-12-28 20:23:00,94699.9,94727.5,94699.9,94700.0,15.949,1510496.2981
357,2024-12-28 20:24:00,94700.0,94713.5,94647.3,94653.8,79.323,7509584.1332
358,2024-12-28 20:26:00,94642.6,94642.7,94628.6,94628.7,3.164,299417.7842
359,2024-12-28 20:27:00,94589.1,94589.2,94589.1,94589.2,1.994,188610.6987
360,2024-12-28 20:28:00,94597.4,94610.5,94597.3,94610.5,12.057,1140649.875
361,2024-12-28 20:29:00,94593.0,94615.9,94592.9,94615.9,3.969,375457.1432
362,2024-12-28 20:30:00,94605.6,94605.7,94603.0,94605.7,6.693,633187.376
363,2024-12-28 20:31:00,94608.8,94615.8,94589.8,94589.9,12.825,1213318.1341
364,2024-12-28 20:32:00,94659.2,94681.3,94659.1,94681.3,22.179,2099712.8666
365,2024-12-28 20:33:00,94681.3,94681.3,94681.2,94681.3,2.953,279593.7384
366,2024-12-28 20:34:00,94681.3,94683.3,94659.2,94673.4,5.828,551765.6229
367,2024-12-28 20:35:00,94664.7,94664.7,94629.4,94632.5,8.916,843913.9018
368,2024-12-28 20:36:00,94661.5,94673.4,94660.0,94660.0,6.976,660403.5317
369,2024-12-28 20:37:00,94678.1,94678.2,94627.7,94627.7,19.796,1873461.5146
370,2024-12-28 20:38:00,94627.9,94639.0,94621.8,94622.0,8.869,839252.1391
371,2024-12-28 20:39:00,94606.9,94659.2,94606.8,94659.2,13.443,1272171.2978
372,2024-12-28 20:40:00,94659.2,94669.3,94640.3,94669.3,12.176,1152507.5694
373,2024-12-28 20:41:00,94652.2,94652.2,94636.0,94636.0,9.08,859365.4213
374,2024-12-28 20:42:00,94628.8,94639.0,94601.0,94601.0,8.905,842585.0631
375,2024-12-28 20:43:00,94606.9,94610.0,94589.9,94589.9,25.768,2437621.3577
376,2024-12-28 20:44:00,94591.0,94600.0,94582.3,94582.3,38.464,3638296.625
377,2024-12-28 20:45:00,94600.0,94600.0,94595.1,94595.2,24.444,2312375.3371
378,2024-12-28 20:46:00,94595.2,94600.0,94584.8,94591.8,23.656,2237617.4492
379,2024-12-28 20:48:00,94592.2,94592.2,94592.2,94592.2,0.017,1608.0674
380,2024-12-28 20:49:00,94578.8,94578.9,94578.8,94578.9,0.317,29981.4958
381,2024-12-28 20:50:00,94586.5,94586.6,94579.3,94579.3,16.0,1513355.5934
382,2024-12-28 20:51:00,94629.5,94629.5,94629.4,94629.5,2.131,201655.3998
383,2024-12-28 20:52:00,94619.0,94619.0,94591.8,94591.8,10.661,1008655.876
384,2024-12-28 20:53:00,94587.5,94587.5,94587.4,94587.5,2.912,275438.5489
385,2024-12-28 20:54:00,94592.1,94600.0,94592.0,94599.9,5.384,509307.6826
386,2024-12-28 20:55:00,94564.0,94573.6,94561.0,94569.8,9.893,935568.9544
387,2024-12-28 20:56:00,94552.0,94578.5,94552.0,94574.3,29.37,2777078.1165
388,2024-12-28 20:57:00,94565.4,94565.5,94563.8,94563.8,3.313,313295.1225
389,2024-12-28 20:58:00,94566.0,94600.0,94566.0,94600.0,7.82,739682.2098
390,2024-12-28 20:59:00,94600.0,94600.0,94569.8,94569.8,14.161,1339380.5318
391,2024-12-28 21:00:00,94552.1,94570.0,94513.8,94570.0,120.691,11409586.7704
392,2024-12-28 21:01:00,94605.0,94627.0,94601.9,94616.6,15.805,1495320.0096
393,2024-12-28 21:02:00,94608.2,94620.6,94550.1,94566.6,26.701,2525616.2179
394,2024-12-28 21:03:00,94559.0,94573.4,94512.6,94565.4,47.499,4490537.565
395,2024-12-28 21:04:00,94554.3,94554.4,94528.2,94533.2,22.762,2151825.6137
396,2024-12-28 21:05:00,94504.0,94543.5,94480.0,94543.3,127.44,12043960.636
397,2024-12-28 21:06:00,94546.2,94569.3,94535.8,94569.3,10.326,976367.9816
398,2024-12-28 21:07:00,94569.3,94615.3,94569.2,94615.3,14.416,1363593.9769
399,2024-12-28 21:08:00,94621.4,94655.9,94621.4,94648.1,27.738,2625172.2656
400,2024-12-28 21:10:00,94674.3,94674.3,94674.2,94674.2,1.392,131786.6152
401,2024-12-28 21:11:00,94693.0,94693.1,94692.4,94692.5,2.431,230198.1158
402,2024-12-28 21:12:00,94701.8,94701.8,94697.1,94697.1,2.651,251054.0264
403,2024-12-28 21:13:00,94673.0,94677.1,94672.9,94677.1,3.839,363452.5131
404,2024-12-28 21:14:00,94687.1,94700.0,94687.0,94700.0,7.273,688707.9842
405,2024-12-28 21:15:00,94683.0,94700.0,94682.9,94697.4,13.472,1275771.6955
406,2024-12-28 21:16:00,94707.3,94707.4,94690.5,94690.6,20.454,1936969.5971
407,2024-12-28 21:17:00,94652.6,94652.6,94624.5,94624.5,4.905,464168.7755
408,2024-12-28 21:18:00,94630.7,94649.8,94630.6,94630.6,5.159,488244.7481
409,2024-12-28 21:19:00,94621.6,94675.3,94621.5,94675.2,18.631,1763397.4387
410,2024-12-28 21:20:00,94692.4,94697.8,94687.2,94697.8,8.763,829790.8508
411,2024-12-28 21:21:00,94697.8,94697.8,94697.7,94697.8,5.259,498015.5826
412,2024-12-28 21:22:00,94697.7,94697.8,94697.7,94697.8,5.036,476897.8712
413,2024-12-28 21:23:00,94705.0,94713.1,94704.9,94713.1,12.208,1156204.8781
414,2024-12-28 21:24:00,94713.7,94713.7,94693.2,94705.0,30.267,2866310.3029
415,2024-12-28 21:25:00,94694.9,94697.8,94684.9,94685.0,8.607,815016.333
416,2024-12-28 21:26:00,94654.6,94657.5,94621.0,94633.0,16.223,1535201.3893
417,2024-12-28 21:27:00,94632.9,94654.8,94629.7,94654.8,16.714,1581782.0965
418,2024-12-28 21:28:00,94656.9,94678.2,94654.7,94678.1,17.163,1624668.5612
419,2024-12-28 21:29:00,94649.8,94654.0,94640.3,94645.1,9.676,915811.39
420,2024-12-28 21:30:00,94645.0,94645.1,94617.8,94617.8,24.724,2339614.2603
421,2024-12-28 21:31:00,94611.1,94623.6,94583.6,94603.2,47.597,4502650.524
422,2024-12-28 21:33:00,94628.3,94628.3,94628.3,94628.3,0.011,1040.9113
423,2024-12-28 21:34:00,94587.4,94590.4,94587.3,94590.4,2.118,200336.0716
424,2024-12-28 21:35:00,94686.1,94686.1,94686.0,94686.1,2.23,211149.9418
425,2024-12-28 21:36:00,94707.3,94707.4,94707.3,94707.4,1.848,175019.1405
426,2024-12-28 21:37:00,94669.8,94669.8,94652.8,94669.3,9.127,863989.94
427,2024-12-28 21:38:00,94669.3,94669.3,94647.3,94647.3,17.148,1623318.3192
428,2024-12-28 21:39:00,94620.8,94625.4,94601.7,94615.7,22.273,2107409.8941
429,2024-12-28 21:40:00,94601.6,94601.7,94582.8,94582.8,22.383,2117302.6633
430,2024-12-28 21:41:00,94582.9,94609.9,94582.8,94607.1,24.565,2323784.6916
431,2024-12-28 21:43:00,94565.1,94565.1,94565.0,94565.1,2.11,199532.311
432,2024-12-28 21:44:00,94506.9,94511.4,94505.0,94505.0,7.106,671570.059
433,2024-12-28 21:45:00,94515.3,94515.3,94515.0,94515.1,2.063,194984.5393
434,2024-12-28 21:46:00,94547.7,94547.8,94547.6,94547.7,4.373,413457.1042
435,2024-12-28 21:47:00,94546.4,94546.4,94546.3,94546.4,1.604,151652.3739
436,2024-12-28 21:48:00,94556.9,94556.9,94500.0,94500.0,15.404,1456012.253
437,2024-12-28 21:49:00,94461.9,94506.4,94461.8,94506.4,15.485,1463087.1417
438,2024-12-28 21:50:00,94507.9,94566.0,94507.8,94551.0,56.796,5368787.4924
439,2024-12-28 21:51:00,94609.6,94653.3,94609.5,94638.1,136.707,12936527.9418
440,2024-12-28 21:52:00,94594.6,94625.2,94591.4,94625.2,18.624,1761916.4974
441,2024-12-28 21:53:00,94594.9,94594.9,94560.0,94574.3,19.788,1871462.1065
442,2024-12-28 21:54:00,94613.6,94613.7,94575.5,94575.6,12.586,1190672.2292
443,2024-12-28 21:55:00,94585.0,94610.0,94585.0,94610.0,9.711,918650.1393
444,2024-12-28 21:56:00,94666.8,94675.8,94658.8,94666.6,34.31,3247993.6037
445,2024-12-28 21:57:00,94649.2,94649.3,94639.6,94639.7,6.874,650589.2578
446,2024-12-28 21:58:00,94649.2,94655.0,94649.1,94655.0,6.273,593743.0145
447,2024-12-28 21:59:00,94660.9,94670.0,94626.0,94626.1,43.863,4152170.7776
448,2024-12-28 22:00:00,94622.5,94656.8,94608.5,94656.8,33.113,3133529.1845
449,2024-12-28 22:01:00,94648.2,94667.5,94627.7,94627.7,53.701,5083247.6998
450,2024-12-28 22:03:00,94555.3,94564.6,94555.3,94564.6,2.637,249350.6639
451,2024-12-28 22:04:00,94611.2,94611.2,94606.0,94606.1,2.238,211739.5134
452,2024-12-28 22:05:00,94646.0,94646.2,94646.0,94646.2,2.778,262926.8681
453,2024-12-28 22:06:00,94667.0,94675.0,94667.0,94675.0,11.175,1057971.8432
454,2024-12-28 22:07:00,94668.7,94668.8,94663.9,94663.9,5.18,490360.023
455,2024-12-28 22:08:00,94670.8,94670.8,94652.5,94652.5,37.378,3538422.7399
456,2024-12-28 22:09:00,94658.9,94658.9,94658.7,94658.8,5.745,543815.1767
457,2024-12-28 22:10:00,94670.1,94686.1,94670.0,94679.8,13.108,1241055.979
458,2024-12-28 22:11:00,94706.9,94706.9,94680.2,94685.5,36.091,3417534.338
459,2024-12-28 22:12:00,94724.0,94750.0,94724.0,94749.9,27.333,2589576.7604
460,2024-12-28 22:13:00,94749.9,94777.5,94749.9,94777.5,28.314,2682934.4027
461,2024-12-28 22:14:00,94815.1,94840.0,94815.0,94834.7,153.337,14540358.81
462,2024-12-28 22:15:00,94849.5,94928.0,94840.1,94928.0,247.691,23502112.7883
463,2024-12-28 22:16:00,94978.9,95171.4,94972.9,95143.5,801.157,76178128.9232
464,2024-12-28 22:17:00,95058.2,95100.9,95005.6,95055.8,241.532,22959230.7201
465,2024-12-28 22:18:00,95140.9,95165.7,95050.0,95073.8,229.126,21792094.2343
466,2024-12-28 22:19:00,95092.9,95136.3,95057.9,95124.3,196.036,18641011.5101
467,2024-12-28 22:20:00,95100.0,95150.0,95088.6,95123.4,166.533,15841054.5353
468,2024-12-28 22:21:00,95109.2,95133.7,95036.0,95086.3,178.094,16931875.9379
469,2024-12-28 22:22:00,95110.1,95160.3,95070.0,95070.1,169.489,16119088.6763
470,2024-12-28 22:23:00,95087.3,95346.1,95087.3,95257.5,1039.575,98998876.3477
471,2024-12-28 22:24:00,95233.7,95260.0,95170.0,95224.9,223.685,21297759.7531
472,2024-12-28 22:26:00,95170.9,95170.9,95163.3,95163.4,7.281,692937.1256
473,2024-12-28 22:27:00,95040.0,95040.0,95004.6,95011.7,35.074,3332641.5371
474,2024-12-28 22:28:00,94957.7,94968.2,94933.0,94936.3,49.652,4714256.1926
475,2024-12-28 22:29:00,94920.7,94937.5,94919.3,94935.2,16.905,1604749.9672
476,2024-12-28 22:30:00,94847.3,94884.5,94844.4,94884.5,76.926,7297293.1389
477,2024-12-28 22:31:00,94759.2,94759.3,94647.9,94697.0,223.57,21168992.7719
478,2024-12-28 22:32:00,94721.4,94742.5,94700.0,94706.2,35.522,3364740.6236
479,2024-12-28 22:33:00,94734.9,94835.9,94723.8,94827.9,73.427,6959714.8334
480,2024-12-28 22:34:00,94911.0,94930.2,94798.5,94820.1,123.793,11743916.6167
481,2024-12-28 22:35:00,94725.5,94766.4,94680.0,94766.3,103.068,9760124.8591
482,2024-12-28 22:36:00,94743.0,94766.4,94702.5,94702.6,69.759,6608785.4424
483,2024-12-28 22:37:00,94760.3,94769.9,94738.0,94751.9,19.209,1820247.0358
484,2024-12-28 22:38:00,94758.6,94758.6,94716.0,94721.4,30.464,2886063.3528
485,2024-12-28 22:39:00,94725.9,94726.0,94667.9,94667.9,63.041,5969453.9842
486,2024-12-28 22:40:00,94620.0,94658.0,94608.4,94612.7,64.781,6130334.0098
487,2024-12-28 22:41:00,94597.7,94660.0,94577.9,94599.2,104.265,9865958.3319
488,2024-12-28 22:42:00,94567.3,94611.0,94567.2,94570.1,67.349,6370303.0291
489,2024-12-28 22:43:00,94610.4,94635.2,94588.7,94627.7,47.031,4449674.0885
490,2024-12-28 22:44:00,94619.3,94638.3,94575.7,94575.7,94.965,8984675.102
491,2024-12-28 22:45:00,94576.9,94663.7,94576.9,94645.8,87.639,8292926.5293
492,2024-12-28 22:46:00,94640.1,94683.0,94614.9,94624.9,75.834,7177553.7397
493,2024-12-28 22:48:00,94492.6,94492.6,94489.7,94489.7,2.448,231311.2042
494,2024-12-28 22:49:00,94507.9,94525.3,94507.8,94525.3,4.127,390058.0582
495,2024-12-28 22:50:00,94479.5,94479.5,94458.6,94458.7,16.102,1521155.4671
496,2024-12-28 22:51:00,94437.0,94437.1,94387.1,94400.4,33.685,3180016.3967
497,2024-12-28 22:52:00,94470.8,94481.1,94424.1,94424.2,19.616,1852986.4559
498,2024-12-28 22:53:00,94436.2,94460.6,94410.1,94410.1,22.798,2153173.7285
499,2024-12-28 22:54:00,94405.1,94410.0,94395.6,94395.6,27.594,2605021.2342
500,2024-12-28 22:55:00,94470.0,94524.8,94469.9,94510.0,69.612,6579118.6698
501,2024-12-28 22:56:00,94461.9,94484.2,94441.7,94474.9,25.389,2398370.9795
502,2024-12-28 22:57:00,94488.9,94517.3,94488.8,94517.3,30.256,2859461.4546
503,2024-12-28 22:58:00,94514.0,94516.6,94476.7,94476.7,32.353,3057225.9931
504,2024-12-28 22:59:00,94522.0,94540.5,94508.3,94539.9,66.267,6264304.8852
505,2024-12-28 23:00:00,94540.5,94629.4,94540.4,94571.1,199.211,18844250.9524
506,2024-12-28 23:01:00,94550.6,94560.0,94519.4,94536.3,43.645,4126342.4494
507,2024-12-28 23:02:00,94473.4,94500.0,94450.0,94451.9,98.014,9259086.938
508,2024-12-28 23:03:00,94473.0,94550.1,94473.0,94550.1,49.235,4653633.2284
509,2024-12-28 23:04:00,94550.1,94600.0,94531.5,94590.3,55.361,5235564.8766
510,2024-12-28 23:05:00,94600.0,94650.2,94578.7,94616.9,101.143,9570306.4031
511,2024-12-28 23:06:00,94616.8,94713.5,94607.3,94713.4,133.737,12660129.7953
512,2024-12-28 23:07:00,94720.5,94720.5,94668.6,94693.1,81.249,7694607.5
513,2024-12-28 23:09:00,94672.5,94672.6,94672.5,94672.6,0.251,23762.8225
514,2024-12-28 23:10:00,94709.5,94709.6,94682.2,94682.2,3.734,353605.4745
515,2024-12-28 23:11:00,94595.3,94607.1,94595.3,94601.3,9.825,929469.5697
516,2024-12-28 23:12:00,94540.5,94550.0,94539.3,94549.9,11.495,1086817.095
517,2024-12-28 23:13:00,94560.0,94574.7,94550.0,94550.0,6.514,615961.4779
518,2024-12-28 23:14:00,94585.0,94585.1,94555.1,94555.1,6.4,605283.3809
519,2024-12-28 23:15:00,94599.0,94645.7,94599.0,94635.5,16.198,1532803.9438
520,2024-12-28 23:16:00,94597.9,94608.7,94555.0,94555.0,14.239,1346809.6985
521,2024-12-28 23:17:00,94540.9,94607.7,94540.8,94607.6,14.693,1389451.9975
522,2024-12-28 23:18:00,94613.6,94642.2,94598.4,94598.6,47.357,4480833.2217
523,2024-12-28 23:19:00,94597.5,94621.2,94585.8,94621.1,34.622,3275196.4932
524,2024-12-28 23:20:00,94629.9,94698.3,94629.9,94698.3,56.3,5330435.3726
525,2024-12-28 23:21:00,94700.1,94749.0,94692.3,94710.1,48.412,4585617.7159
526,2024-12-28 23:22:00,94690.9,94736.4,94667.2,94720.0,55.809,5285875.4931
527,2024-12-28 23:23:00,94734.8,94754.0,94725.5,94744.5,71.081,6734423.6859
528,2024-12-28 23:24:00,94772.9,94781.1,94761.8,94779.9,54.145,5131468.4942
529,2024-12-28 23:25:00,94740.1,94747.7,94700.0,94700.0,27.557,2610384.2898
530,2024-12-28 23:26:00,94710.0,94735.3,94678.2,94678.2,25.834,2446531.729
531,2024-12-28 23:27:00,94666.1,94677.1,94647.6,94666.0,55.394,5243775.0979
532,2024-12-28 23:28:00,94669.6,94672.2,94652.5,94658.2,12.552,1188242.8359
533,2024-12-28 23:29:00,94669.5,94697.9,94652.7,94662.6,36.335,3440040.6798
534,2024-12-28 23:31:00,94760.0,94760.0,94759.9,94760.0,2.491,236046.9411
535,2024-12-28 23:32:00,94692.4,94692.4,94673.5,94673.5,3.729,353092.4215
536,2024-12-28 23:33:00,94621.1,94621.2,94616.6,94616.6,3.267,309122.0081
537,2024-12-28 23:34:00,94626.5,94634.3,94620.2,94634.3,4.487,424592.6755
538,2024-12-28 23:35:00,94608.1,94626.0,94606.4,94625.9,17.553,1660682.4464
539,2024-12-28 23:36:00,94605.7,94619.2,94605.7,94619.2,6.592,623666.7069
540,2024-12-28 23:37:00,94580.1,94611.7,94580.1,94606.6,8.0,756767.5164
541,2024-12-28 23:38:00,94623.2,94630.8,94612.1,94614.0,13.203,1249287.0833
542,2024-12-28 23:39:00,94600.0,94600.1,94580.4,94580.4,8.886,840513.3284
543,2024-12-28 23:40:00,94584.5,94593.6,94577.1,94582.8,19.393,1834304.7219
544,2024-12-28 23:41:00,94582.8,94582.8,94580.4,94580.4,13.477,1274672.2404
545,2024-12-28 23:42:00,94580.6,94580.6,94565.3,94565.3,18.613,1760330.4544
546,2024-12-28 23:43:00,94581.2,94586.4,94559.6,94559.7,13.186,1246986.2481
547,2024-12-28 23:44:00,94559.7,94559.7,94534.0,94542.6,65.262,6170155.5135
548,2024-12-28 23:45:00,94527.7,94541.1,94522.0,94522.1,28.8,2722608.0545
549,2024-12-28 23:46:00,94508.3,94517.3,94450.0,94452.5,114.686,10836115.4745
550,2024-12-28 23:47:00,94441.0,94470.1,94408.9,94436.7,148.581,14032638.8495
551,2024-12-28 23:48:00,94436.8,94451.7,94430.0,94446.3,45.66,4312415.4319
552,2024-12-28 23:49:00,94450.1,94493.1,94450.0,94479.9,49.244,4652145.0102
553,2024-12-28 23:51:00,94406.0,94406.1,94406.0,94406.1,0.276,26056.0772
554,2024-12-28 23:52:00,94443.3,94443.4,94421.7,94421.8,6.974,658627.6284
555,2024-12-28 23:53:00,94438.8,94438.8,94410.4,94410.5,15.171,1432483.2852
556,2024-12-28 23:54:00,94388.8,94388.8,94388.7,94388.7,7.804,736609.5878
557,2024-12-28 23:55:00,94400.0,94405.2,94396.0,94396.1,7.928,748403.4518
558,2024-12-28 23:56:00,94370.1,94388.4,94320.0,94366.8,282.273,26633408.4645
559,2024-12-28 23:57:00,94414.9,94414.9,94348.1,94348.1,22.285,2103252.3429
560,2024-12-28 23:58:00,94366.5,94372.1,94353.0,94357.6,21.609,2039166.2773
561,2024-12-28 23:59:00,94369.8,94369.8,94360.0,94369.8,14.289,1348381.1655
562,2024-12-29 00:00:00,94407.8,94441.7,94370.9,94441.7,49.908,4711310.9727
563,2024-12-29 00:01:00,94408.1,94450.0,94394.5,94450.0,29.831,2816735.1434
564,2024-12-29 00:02:00,94440.0,94450.0,94411.4,94411.4,36.648,3460506.2171
565,2024-12-29 00:03:00,94420.1,94457.0,94402.7,94456.4,31.619,2985793.0102
566,2024-12-29 00:04:00,94452.0,94500.0,94451.9,94479.5,73.281,6923767.7258
567,2024-12-29 00:05:00,94435.8,94469.7,94415.3,94469.6,24.845,2346545.8882
568,2024-12-29 00:06:00,94480.2,94492.9,94452.0,94452.1,34.372,3247303.65
569,2024-12-29 00:07:00,94417.8,94417.8,94360.0,94405.9,55.102,5200624.6391
570,2024-12-29 00:08:00,94409.1,94414.7,94385.4,94389.8,26.603,2511333.8619
571,2024-12-29 00:09:00,94389.7,94432.3,94356.5,94432.2,42.825,4042454.5173
572,2024-12-29 00:10:00,94422.8,94472.7,94404.5,94465.4,43.401,4099005.8251
573,2024-12-29 00:11:00,94460.5,94472.8,94438.8,94445.9,30.358,2867438.8284
574,2024-12-29 00:13:00,94453.6,94453.6,94453.5,94453.6,0.092,8689.7284
575,2024-12-29 00:14:00,94421.2,94421.2,94414.6,94414.6,4.244,400708.4543
576,2024-12-29 00:15:00,94408.6,94408.7,94400.0,94400.0,1.258,118760.7775
577,2024-12-29 00:16:00,94442.1,94446.2,94437.1,94437.2,2.99,282387.952
578,2024-12-29 00:17:00,94454.8,94484.8,94446.7,94484.8,27.767,2623043.4032
579,2024-12-29 00:18:00,94460.6,94460.6,94441.8,94446.2,9.196,868584.2159
580,2024-12-29 00:19:00,94486.8,94507.3,94486.8,94507.2,6.873,649504.245
581,2024-12-29 00:20:00,94521.7,94521.8,94504.0,94504.0,6.291,594582.242
582,2024-12-29 00:21:00,94452.3,94457.5,94430.0,94430.0,8.791,830235.0745
583,2024-12-29 00:22:00,94466.9,94474.6,94460.0,94474.6,6.082,574537.2058
584,2024-12-29 00:23:00,94479.5,94546.5,94479.4,94531.2,54.459,5148057.1337
585,2024-12-29 00:24:00,94512.5,94526.7,94503.1,94503.4,13.234,1250786.0625
586,2024-12-29 00:25:00,94500.2,94500.3,94455.8,94477.4,22.97,2170130.4744
587,2024-12-29 00:26:00,94509.9,94528.2,94503.1,94503.1,10.878,1028212.0267
588,2024-12-29 00:27:00,94503.1,94562.4,94503.1,94562.3,25.601,2420018.6145
589,2024-12-29 00:28:00,94581.9,94595.0,94537.0,94565.4,35.738,3379543.9915
590,2024-12-29 00:29:00,94562.4,94588.0,94549.2,94553.8,34.613,3273390.2837
591,2024-12-29 00:30:00,94549.2,94580.0,94542.5,94580.0,27.734,2622616.9917
592,2024-12-29 00:32:00,94577.4,94577.4,94577.4,94577.4,0.322,30453.9228
593,2024-12-29 00:33:00,94597.5,94597.5,94597.4,94597.5,0.178,16838.3442
594,2024-12-29 00:34:00,94665.0,94665.0,94657.6,94664.9,3.511,332355.6724
595,2024-12-29 00:35:00,94661.9,94669.1,94652.9,94662.0,6.671,631478.6123
596,2024-12-29 00:36:00,94650.2,94680.0,94635.6,94679.9,6.34,600114.8472
597,2024-12-29 00:37:00,94646.0,94646.0,94642.9,94642.9,5.549,525188.1186
598,2024-12-29 00:38:00,94627.2,94627.2,94600.0,94600.0,18.307,1732045.9846
599,2024-12-29 00:39:00,94649.0,94649.0,94648.9,94648.9,4.277,404813.4497
600,2024-12-29 00:40:00,94679.0,94726.8,94654.3,94726.8,34.426,3260258.8769
601,2024-12-29 00:41:00,94722.6,94766.0,94722.6,94750.6,66.515,6301898.7402
602,2024-12-29 00:42:00,94739.3,94750.6,94723.9,94723.9,26.008,2464069.1072
603,2024-12-29 00:43:00,94723.8,94723.9,94694.8,94694.8,21.973,2081118.8432
604,2024-12-29 00:44:00,94660.1,94660.2,94650.0,94653.8,40.325,3816980.9427
605,2024-12-29 00:45:00,94653.8,94657.5,94595.3,94626.0,56.547,5350401.0821
606,2024-12-29 00:46:00,94650.0,94706.5,94634.0,94706.5,34.885,3302968.6551
607,2024-12-29 00:48:00,94722.4,94729.9,94722.4,94729.8,0.207,19608.0611
608,2024-12-29 00:49:00,94753.0,94781.4,94753.0,94770.1,72.125,6835056.5036
609,2024-12-29 00:50:00,94835.2,94835.2,94788.8,94788.9,26.481,2510550.9798
610,2024-12-29 00:51:00,94748.7,94764.2,94748.6,94764.1,12.086,1145219.3948
611,2024-12-29 00:52:00,94731.4,94811.7,94731.3,94811.5,37.467,3551080.287
612,2024-12-29 00:53:00,94812.5,94812.5,94783.0,94794.0,27.923,2647036.9815
613,2024-12-29 00:54:00,94794.1,94810.0,94739.8,94748.2,58.32,5527492.3911
614,2024-12-29 00:56:00,94824.1,94824.2,94824.1,94824.2,0.243,23042.2798
615,2024-12-29 00:57:00,94877.0,94877.1,94867.2,94867.2,6.893,653951.541
616,2024-12-29 00:58:00,94800.1,94806.0,94800.0,94806.0,3.415,323743.2464
617,2024-12-29 00:59:00,94816.4,94844.6,94802.4,94802.4,15.551,1474711.3901
618,2024-12-29 01:00:00,94838.9,94839.2,94835.0,94839.1,13.568,1286758.1598
619,2024-12-29 01:01:00,94864.8,94872.3,94820.3,94829.8,29.505,2798598.6356
620,2024-12-29 01:02:00,94821.0,94821.0,94790.6,94820.9,32.7,3100276.724
621,2024-12-29 01:03:00,94865.5,94890.0,94815.0,94824.9,59.536,5648085.0751
622,2024-12-29 01:04:00,94829.8,94839.1,94777.3,94804.3,30.509,2892464.2659
623,2024-12-29 01:05:00,94815.3,94878.4,94808.0,94868.8,32.669,3098478.3149
624,2024-12-29 01:06:00,94878.3,94980.0,94878.2,94977.2,405.415,38482638.1307
625,2024-12-29 01:08:00,95043.3,95067.0,95043.2,95047.6,26.5,2519127.1245
626,2024-12-29 01:09:00,95047.6,95079.6,95042.7,95079.4,67.473,6414292.769
627,2024-12-29 01:10:00,95066.2,95066.3,95050.0,95065.9,24.149,2295611.0561
628,2024-12-29 01:11:00,95027.4,95036.1,94920.4,94922.2,75.308,7153041.1282
629,2024-12-29 01:12:00,94940.0,94997.0,94939.9,94997.0,26.123,2480804.9999
630,2024-12-29 01:13:00,94962.6,94967.1,94913.3,94919.6,19.847,1884260.3901
631,2024-12-29 01:14:00,94923.4,94959.6,94923.3,94959.6,26.895,2553636.7954
632,2024-12-29 01:15:00,94967.9,94997.0,94928.4,94997.0,28.926,2746928.2204
633,2024-12-29 01:16:00,94951.8,94973.4,94922.8,94922.9,22.424,2129162.0381
634,2024-12-29 01:17:00,94970.8,94998.5,94957.2,94993.8,35.868,3406866.171
635,2024-12-29 01:18:00,95010.9,95038.2,95005.2,95033.1,41.978,3988724.6108
636,2024-12-29 01:19:00,95029.6,95077.4,95029.5,95049.3,90.796,8630869.5956
637,2024-12-29 01:20:00,95032.9,95195.3,95032.8,95186.7,283.533,26973874.7956
638,2024-12-29 01:21:00,95195.4,95197.3,95133.2,95143.0,124.355,11834696.3757
639,2024-12-29 01:23:00,95148.6,95154.4,95142.5,95152.0,10.867,1033984.8565
640,2024-12-29 01:24:00,95162.1,95189.0,95162.1,95189.0,10.671,1015598.7285
641,2024-12-29 01:25:00,95140.1,95147.7,95130.0,95130.0,14.248,1355531.04
642,2024-12-29 01:26:00,95105.6,95148.6,95105.5,95148.6,13.708,1303984.9022
643,2024-12-29 01:27:00,95128.7,95148.0,95128.7,95128.7,7.337,698023.1048
644,2024-12-29 01:28:00,95111.9,95111.9,95100.0,95105.0,8.032,763868.5919
645,2024-12-29 01:29:00,95066.8,95066.9,95033.9,95049.9,27.691,2632088.3776
646,2024-12-29 01:30:00,95066.6,95100.0,95066.6,95081.3,44.739,4254211.3079
647,2024-12-29 01:31:00,95080.1,95114.1,95080.0,95100.0,26.803,2548989.4527
648,2024-12-29 01:32:00,95139.0,95153.2,95112.4,95127.6,33.665,3202862.0707
649,2024-12-29 01:33:00,95100.0,95100.0,95052.9,95053.8,30.478,2897844.2638
650,2024-12-29 01:34:00,95000.0,95014.7,94963.4,94979.0,91.521,8693121.3006
651,2024-12-29 01:35:00,94953.0,95014.8,94890.1,94991.0,128.426,12194507.5223
652,2024-12-29 01:36:00,94998.9,95033.7,94977.1,95007.9,53.956,5126298.2959
653,2024-12-29 01:37:00,95007.9,95033.7,94990.1,94999.6,34.702,3297089.1867
654,2024-12-29 01:39:00,94988.6,94988.6,94981.2,94981.2,0.802,76179.7109
655,2024-12-29 01:40:00,95005.1,95005.1,94988.0,94992.8,1.285,122069.1265
656,2024-12-29 01:41:00,95087.7,95104.7,95087.6,95100.0,9.856,937301.6296
657,2024-12-29 01:42:00,95043.2,95051.9,95043.2,95051.9,5.643,536362.3489
658,2024-12-29 01:43:00,95054.9,95065.6,95054.9,95065.5,8.765,833183.398
659,2024-12-29 01:44:00,95026.8,95026.9,95022.5,95022.6,2.799,265979.4388
660,2024-12-29 01:45:00,94985.5,95045.9,94978.3,95045.9,14.558,1382936.93
661,2024-12-29 01:46:00,95066.8,95087.0,95000.1,95000.1,22.447,2133470.7506
662,2024-12-29 01:47:00,95074.5,95108.4,95061.8,95100.0,45.146,4292959.5905
663,2024-12-29 01:48:00,95118.2,95148.0,95110.5,95133.7,43.234,4112750.2266
664,2024-12-29 01:49:00,95132.9,95140.9,95089.1,95089.2,81.87,7787686.4255
665,2024-12-29 01:50:00,95116.5,95168.1,95089.1,95168.1,49.047,4666624.6052
666,2024-12-29 01:51:00,95168.1,95168.1,95083.4,95091.5,48.257,4590698.7078
667,2024-12-29 01:52:00,95065.9,95074.7,95040.0,95051.4,14.128,1342895.762
668,2024-12-29 01:53:00,95051.3,95051.4,94962.2,94962.3,47.158,4480362.4428
669,2024-12-29 01:54:00,94949.6,95000.1,94934.9,95000.1,61.679,5856654.33
670,2024-12-29 01:55:00,94991.0,95058.0,94991.0,95005.7,38.803,3687490.7648
671,2024-12-29 01:56:00,95000.0,95016.7,94971.9,95000.0,20.524,1949605.3876
672,2024-12-29 01:58:00,94998.6,94998.7,94998.6,94998.6,0.229,21754.6808
673,2024-12-29 01:59:00,94987.0,94995.6,94987.0,94995.0,3.942,374467.3487
674,2024-12-29 02:00:00,94991.7,95010.0,94991.7,94995.7,12.921,1227513.3682
675,2024-12-29 02:01:00,94995.8,95042.4,94995.7,95042.4,10.306,979232.8476
676,2024-12-29 02:02:00,95024.1,95024.2,94989.6,94989.6,12.386,1176623.6088
677,2024-12-29 02:03:00,95053.9,95053.9,95042.5,95052.6,8.579,815431.7823
678,2024-12-29 02:04:00,95065.8,95065.8,95029.0,95038.4,18.091,1719439.7149
679,2024-12-29 02:05:00,95010.2,95010.3,94960.0,95007.9,27.465,2608938.4496
680,2024-12-29 02:06:00,94960.0,94960.1,94940.1,94940.1,17.569,1668219.56
681,2024-12-29 02:07:00,94901.0,94995.7,94901.0,94982.2,49.511,4700894.9929
682,2024-12-29 02:08:00,94943.6,94988.8,94943.6,94980.3,30.123,2860468.2864
683,2024-12-29 02:09:00,94980.7,95007.5,94971.6,94991.8,24.284,2306665.1173
684,2024-12-29 02:10:00,94981.1,94987.9,94929.3,94929.3,20.184,1916614.0848
685,2024-12-29 02:11:00,94926.4,94954.4,94912.3,94926.5,14.872,1411875.4897
686,2024-12-29 02:12:00,94917.7,94918.7,94900.0,94900.1,36.694,3482536.6312
687,2024-12-29 02:13:00,94900.0,94923.8,94900.0,94900.0,22.786,2162552.9096
688,2024-12-29 02:14:00,94900.0,94910.0,94878.8,94905.5,41.643,3951784.1269
689,2024-12-29 02:16:00,94898.0,94898.0,94898.0,94898.0,0.092,8730.616
690,2024-12-29 02:17:00,94900.0,94900.0,94899.9,94899.9,0.449,42610.0856
691,2024-12-29 02:18:00,94853.5,94861.1,94848.5,94848.5,9.204,873023.7201
692,2024-12-29 02:19:00,94889.9,94890.0,94889.9,94889.9,2.787,264458.3943
693,2024-12-29 02:20:00,94891.2,94891.2,94870.0,94872.3,6.999,664028.7541
694,2024-12-29 02:21:00,94896.7,94905.0,94896.6,94904.9,3.25,308434.7648
695,2024-12-29 02:22:00,94909.4,94909.5,94909.4,94909.4,5.104,484417.9863
696,2024-12-29 02:23:00,94929.3,94948.5,94929.2,94948.5,6.788,644421.398
697,2024-12-29 02:24:00,94993.2,95004.9,94984.3,94985.7,24.389,2316780.3775
698,2024-12-29 02:25:00,94976.7,94990.0,94976.7,94990.0,7.359,698980.6326
699,2024-12-29 02:26:00,94989.9,94994.7,94989.9,94994.7,4.302,408663.2764
700,2024-12-29 02:27:00,95010.2,95010.2,94990.5,94990.5,18.558,1762987.0016
701,2024-12-29 02:28:00,94990.6,94990.6,94977.0,94978.4,14.999,1424702.5228
702,2024-12-29 02:29:00,94962.0,94962.1,94930.6,94930.6,37.18,3530380.7769
703,2024-12-29 02:30:00,94930.6,94962.0,94930.6,94930.6,21.79,2068766.2182
704,2024-12-29 02:31:00,94923.3,94942.4,94857.5,94857.5,21.434,2034061.7192
705,2024-12-29 02:32:00,94840.0,94898.5,94840.0,94880.3,53.724,5097216.8819
706,2024-12-29 02:34:00,94854.0,94854.0,94853.9,94853.9,0.522,49513.774
707,2024-12-29 02:35:00,94867.4,94873.7,94867.4,94873.6,1.69,160330.0753
708,2024-12-29 02:36:00,94830.0,94835.2,94830.0,94835.1,7.334,695484.9763
709,2024-12-29 02:37:00,94816.2,94816.2,94816.1,94816.2,1.942,184132.9582
710,2024-12-29 02:38:00,94835.3,94867.6,94835.3,94865.7,8.88,842310.8077
711,2024-12-29 02:39:00,94853.4,94853.4,94841.4,94849.7,5.097,483435.4979
712,2024-12-29 02:40:00,94867.5,94867.5,94820.1,94848.6,34.812,3301636.1104
713,2024-12-29 02:41:00,94830.0,94830.1,94798.6,94800.5,49.719,4713834.5312
714,2024-12-29 02:42:00,94784.9,94785.0,94757.6,94767.9,35.187,3334630.2619
715,2024-12-29 02:43:00,94734.5,94752.0,94734.5,94750.0,17.441,1652385.616
716,2024-12-29 02:44:00,94671.4,94722.2,94671.3,94722.2,50.324,4765637.9351
717,2024-12-29 02:45:00,94742.9,94804.3,94742.8,94771.8,47.718,4522927.9082
718,2024-12-29 02:46:00,94771.8,94771.9,94725.3,94736.1,19.75,1871300.8923
719,2024-12-29 02:47:00,94711.3,94792.7,94711.2,94778.0,31.587,2993367.9455
720,2024-12-29 02:48:00,94749.0,94797.4,94749.0,94784.8,21.779,2064246.5197
721,2024-12-29 02:49:00,94791.7,94791.7,94772.7,94772.7,9.517,902070.6038
722,2024-12-29 02:50:00,94781.8,94809.1,94765.5,94806.2,27.357,2593097.7897
723,2024-12-29 02:51:00,94806.1,94818.6,94792.4,94818.6,21.167,2006711.643
724,2024-12-29 02:52:00,94794.2,94794.3,94754.8,94756.8,40.727,3859652.3967
725,2024-12-29 02:54:00,94791.6,94791.7,94791.6,94791.7,0.155,14692.7083
726,2024-12-29 02:55:00,94804.3,94804.4,94804.3,94804.3,0.135,12798.588
727,2024-12-29 02:56:00,94859.8,94859.8,94848.5,94848.5,4.813,456534.705
728,2024-12-29 02:57:00,94843.3,94843.4,94820.1,94820.1,4.509,427611.0037
729,2024-12-29 02:58:00,94820.1,94820.2,94820.1,94820.2,1.221,115775.3952
730,2024-12-29 02:59:00,94811.1,94811.1,94791.0,94791.0,2.788,264307.8912
731,2024-12-29 03:00:00,94796.4,94822.0,94796.3,94817.3,16.176,1533754.5968
732,2024-12-29 03:01:00,94817.2,94817.3,94806.6,94812.6,20.991,1990193.69
733,2024-12-29 03:02:00,94822.0,94822.0,94821.9,94821.9,3.59,340410.8434
734,2024-12-29 03:03:00,94812.6,94812.6,94789.1,94800.6,9.246,876582.1258
735,2024-12-29 03:04:00,94804.0,94836.0,94803.9,94836.0,43.569,4131375.4581
736,2024-12-29 03:05:00,94917.7,94929.5,94908.0,94921.4,59.416,5639784.1496
737,2024-12-29 03:06:00,94941.0,94943.2,94921.3,94938.3,31.253,2966905.6913
738,2024-12-29 03:07:00,94924.7,94946.3,94924.6,94946.3,12.687,1204388.8056
739,2024-12-29 03:08:00,94949.4,94980.0,94949.3,94980.0,24.677,2343376.6787
740,2024-12-29 03:09:00,94983.0,95025.7,94978.4,94983.5,77.811,7392298.8917
741,2024-12-29 03:10:00,94954.4,94954.5,94891.4,94924.8,35.144,3335815.2665
742,2024-12-29 03:11:00,94924.7,94949.8,94908.0,94911.5,35.076,3329545.1794
743,2024-12-29 03:12:00,94911.5,94911.6,94905.5,94905.6,10.24,971853.4354
744,2024-12-29 03:13:00,94905.5,94911.6,94905.5,94911.5,9.297,882339.5156
745,2024-12-29 03:15:00,94881.9,94881.9,94881.9,94881.9,0.179,16983.8601
746,2024-12-29 03:15:00,94881.9,94893.1,94861.0,94861.0,20.687,1962801.7219
747,2024-12-29 03:16:00,94861.0,94900.0,94861.0,94872.4,17.541,1664250.8443
748,2024-12-29 03:17:00,94872.3,94967.2,94872.3,94967.2,24.367,2313099.3167
749,2024-12-29 03:18:00,94967.1,95059.0,94961.8,95053.5,84.397,8019163.116
750,2024-12-29 03:19:00,95053.6,95053.6,95003.5,95003.5,32.145,3054994.8886
751,2024-12-29 03:20:00,95003.6,95003.6,94968.9,94968.9,11.104,1054632.539
752,2024-12-29 03:21:00,94968.9,95042.5,94968.9,95042.5,22.825,2168333.6475
753,2024-12-29 03:22:00,95042.5,95048.5,94996.0,94996.0,21.509,2043989.8088
754,2024-12-29 03:23:00,94996.0,94996.0,94945.0,94962.8,20.392,1936312.4045
755,2024-12-29 03:24:00,94962.8,94964.7,94925.0,94933.8,19.546,1855759.9227
756,2024-12-29 03:25:00,94933.8,94976.7,94933.8,94976.6,26.12,2480352.0645
757,2024-12-29 03:26:00,94976.7,94976.7,94953.0,94955.6,7.728,733870.3634
758,2024-12-29 03:27:00,94955.6,94977.0,94955.6,94976.9,12.66,1202339.8672
759,2024-12-29 03:28:00,94977.0,95002.0,94971.4,95001.9,31.909,3030919.5718
760,2024-12-29 03:29:00,95002.0,95002.0,94976.1,94976.1,18.353,1743293.9424
761,2024-12-29 03:30:00,94976.1,95010.0,94976.1,95010.0,11.436,1086299.0656
762,2024-12-29 03:31:00,95009.9,95045.3,94992.3,95039.1,24.485,2326613.7898
763,2024-12-29 03:32:00,95039.0,95064.9,95030.3,95064.8,37.864,3598801.7218
764,2024-12-29 03:33:00,95064.8,95064.8,95030.8,95036.2,56.319,5353329.9181
765,2024-12-29 03:34:00,95036.2,95071.1,95036.2,95058.4,26.287,2498873.1275
766,2024-12-29 03:35:00,95058.4,95108.4,95058.4,95066.3,48.974,4656726.4573
767,2024-12-29 03:36:00,95066.3,95085.9,95010.0,95011.7,35.207,3346652.7099
768,2024-12-29 03:37:00,95010.0,95011.7,94982.0,94996.0,31.274,2970881.9038
769,2024-12-29 03:38:00,94995.9,95033.7,94995.9,95024.2,24.358,2314523.3704
770,2024-12-29 03:39:00,95024.1,95059.0,95024.1,95042.3,15.469,1470077.4468
771,2024-12-29 03:40:00,95042.4,95060.0,95036.0,95036.0,9.308,884718.5758
772,2024-12-29 03:41:00,95036.0,95048.0,94988.4,94988.4,10.816,1027699.8127
773,2024-12-29 03:42:00,94988.4,95024.0,94988.4,95024.0,14.907,1416224.5856
774,2024-12-29 03:43:00,95024.1,95078.8,95024.1,95074.2,103.134,9803427.3245
775,2024-12-29 03:44:00,95074.3,95078.7,95051.5,95052.7,14.128,1343108.1154
776,2024-12-29 03:45:00,95052.7,95052.8,94977.0,94989.4,32.22,3061372.0738
777,2024-12-29 03:46:00,94989.3,95013.0,94976.0,95012.9,16.28,1546507.0784
778,2024-12-29 03:47:00,95012.9,95038.0,95012.9,95037.9,5.265,500299.4942
779,2024-12-29 03:48:00,95038.0,95080.0,95037.9,95080.0,15.143,1439512.8583
780,2024-12-29 03:49:00,95080.0,95080.0,95057.5,95067.0,32.193,3060657.2074
781,2024-12-29 03:50:00,95067.0,95067.0,95035.5,95035.6,24.428,2321896.0329
782,2024-12-29 03:51:00,95035.5,95063.9,95035.5,95063.4,14.994,1425327.8198
783,2024-12-29 03:52:00,95063.4,95090.8,95038.4,95038.4,19.938,1895479.5491
784,2024-12-29 03:53:00,95038.4,95038.5,94977.4,94977.4,37.051,3520377.2615
785,2024-12-29 03:54:00,94977.3,94977.4,94934.0,94944.5,34.172,3244813.9787
786,2024-12-29 03:55:00,94944.5,94958.1,94944.5,94958.0,13.829,1313078.1254
787,2024-12-29 03:56:00,94958.0,94980.0,94958.0,94971.6,23.832,2263366.8254
788,2024-12-29 03:57:00,94971.6,94995.5,94958.0,94958.0,26.378,2505569.9863
789,2024-12-29 03:58:00,94958.0,94993.8,94958.0,94983.5,13.453,1277751.1285
790,2024-12-29 03:59:00,94983.5,94993.8,94983.5,94993.8,7.89,749495.0904
791,2024-12-29 04:00:00,94993.7,95035.2,94993.7,95000.0,44.562,4234154.1987
792,2024-12-29 04:01:00,95000.0,95028.2,94966.6,94972.5,26.16,2485161.7713
793,2024-12-29 04:02:00,94972.5,94974.6,94925.0,94952.9,33.389,3170085.9821
794,2024-12-29 04:03:00,94952.9,94984.0,94939.2,94984.0,16.185,1536935.8268
795,2024-12-29 04:04:00,94984.0,94984.0,94918.6,94918.6,24.655,2340740.9443
796,2024-12-29 04:05:00,94918.6,94926.9,94870.0,94876.0,56.554,5366445.3628
797,2024-12-29 04:06:00,94876.1,94925.4,94876.0,94877.7,28.517,2706476.5347
798,2024-12-29 04:07:00,94877.7,94887.3,94836.0,94836.1,42.561,4037296.2601
799,2024-12-29 04:08:00,94836.1,94905.0,94836.0,94887.4,24.264,2301811.3092
800,2024-12-29 04:09:00,94887.5,94923.4,94887.4,94915.0,17.806,1690074.0831
801,2024-12-29 04:10:00,94914.9,94929.2,94880.0,94880.0,18.022,1710328.5306
802,2024-12-29 04:11:00,94880.0,94900.0,94850.0,94893.1,34.747,3296573.7226
803,2024-12-29 04:12:00,94893.1,94938.4,94893.0,94938.4,8.505,807294.6666
804,2024-12-29 04:13:00,94938.4,94938.4,94894.2,94902.2,8.202,778498.0563
805,2024-12-29 04:14:00,94902.2,94902.2,94873.6,94883.5,14.958,1419295.1095
806,2024-12-29 04:15:00,94883.6,94906.9,94854.9,94906.9,19.383,1838971.6533
807,2024-12-29 04:16:00,94906.8,94945.0,94906.8,94937.6,17.319,1643922.6935
808,2024-12-29 04:17:00,94937.5,94937.6,94880.0,94881.8,18.728,1777404.8592
809,2024-12-29 04:18:00,94881.8,94894.3,94877.0,94894.2,9.43,894722.9709
810,2024-12-29 04:19:00,94894.2,94941.3,94894.2,94941.3,20.585,1953853.9712
811,2024-12-29 04:20:00,94941.3,94941.3,94905.5,94905.6,7.658,726928.9334
812,2024-12-29 04:21:00,94905.6,94946.6,94905.6,94910.0,13.786,1308557.1294
813,2024-12-29 04:22:00,94910.1,94910.1,94870.0,94870.1,12.158,1153747.3472
814,2024-12-29 04:23:00,94870.0,94880.7,94870.0,94872.3,8.481,804651.225
815,2024-12-29 04:24:00,94872.4,94872.4,94840.0,94840.1,12.529,1188475.3834
816,2024-12-29 04:25:00,94840.1,94866.2,94837.5,94853.3,15.629,1482353.3973
817,2024-12-29 04:26:00,94853.3,94883.7,94853.2,94883.7,8.143,772524.6086
818,2024-12-29 04:27:00,94883.7,94883.7,94866.6,94866.6,5.074,481404.9153
819,2024-12-29 04:28:00,94866.6,94888.0,94866.6,94873.8,14.032,1331346.3764
820,2024-12-29 04:29:00,94873.7,94873.8,94842.2,94842.2,13.115,1244080.4072
821,2024-12-29 04:30:00,94842.3,94850.7,94836.0,94836.2,10.336,980281.8906
822,2024-12-29 04:31:00,94836.2,94871.7,94836.2,94871.7,6.686,634196.3565
823,2024-12-29 04:32:00,94871.7,94915.0,94871.6,94915.0,12.372,1174081.4133
824,2024-12-29 04:33:00,94914.9,94928.2,94888.9,94889.1,10.011,950134.6342
825,2024-12-29 04:34:00,94889.0,94915.0,94889.0,94915.0,7.2,683266.1325
826,2024-12-29 04:35:00,94915.0,94946.6,94902.9,94942.6,18.601,1765770.1021
827,2024-12-29 04:36:00,94942.6,94958.2,94942.5,94950.0,17.365,1648809.6226
828,2024-12-29 04:37:00,94949.9,94950.0,94940.0,94945.6,9.313,884192.3246
829,2024-12-29 04:38:00,94945.6,94945.6,94919.7,94945.6,16.305,1547887.4955
830,2024-12-29 04:39:00,94945.5,94970.9,94929.3,94970.9,15.193,1442477.2456
831,2024-12-29 04:40:00,94970.8,94992.0,94963.5,94967.3,16.328,1550781.157
832,2024-12-29 04:41:00,94967.3,94986.2,94956.8,94956.9,13.979,1327499.6187
833,2024-12-29 04:42:00,94956.9,94973.0,94951.9,94952.0,7.34,697027.1618
834,2024-12-29 04:43:00,94951.9,94952.0,94922.1,94929.1,10.16,964514.6353
835,2024-12-29 04:44:00,94929.2,94929.2,94920.1,94924.6,7.493,711276.7158
836,2024-12-29 04:45:00,94924.6,94969.2,94924.5,94969.2,8.982,852775.582
837,2024-12-29 04:46:00,94969.2,94996.0,94969.1,94986.9,15.925,1512674.7629
838,2024-12-29 04:47:00,94986.9,94995.7,94986.8,94995.7,9.038,858500.0678
839,2024-12-29 04:48:00,94995.7,95003.3,94995.6,95003.3,11.361,1079257.0052
840,2024-12-29 04:49:00,95003.4,95027.7,95003.3,95027.7,14.169,1346279.8373
841,2024-12-29 04:50:00,95027.6,95056.0,95024.1,95056.0,38.97,3703687.4808
842,2024-12-29 04:51:00,95056.0,95088.0,95047.2,95087.9,24.686,2346983.4194
843,2024-12-29 04:52:00,95088.0,95120.0,95056.2,95056.2,65.784,6256116.2324
844,2024-12-29 04:53:00,95056.2,95067.0,95032.7,95032.7,24.23,2303026.7969
845,2024-12-29 04:54:00,95032.7,95032.8,94989.4,94989.5,31.15,2959670.7191
846,2024-12-29 04:55:00,94989.5,95004.7,94986.2,95004.7,12.361,1174177.6997
847,2024-12-29 04:56:00,95004.7,95024.5,95004.6,95024.0,14.79,1405283.0403
848,2024-12-29 04:57:00,95024.0,95050.0,95024.0,95050.0,11.028,1048129.059
849,2024-12-29 04:58:00,95049.9,95050.0,95029.8,95037.3,14.867,1413037.9912
850,2024-12-29 04:59:00,95037.4,95049.6,95019.8,95043.2,16.417,1560267.626
851,2024-12-29 05:00:00,95043.1,95047.2,94993.5,94999.9,35.669,3389739.3929
852,2024-12-29 05:01:00,94999.9,95007.0,94986.5,94989.3,15.922,1512608.2777
853,2024-12-29 05:02:00,94989.3,95005.2,94982.2,94982.2,14.865,1412073.0305
854,2024-12-29 05:03:00,94982.2,94995.7,94964.0,94995.6,16.514,1568459.8359
855,2024-12-29 05:04:00,94995.6,95014.4,94987.1,95000.5,29.226,2776414.7575
856,2024-12-29 05:05:00,95000.5,95008.5,95000.4,95005.1,13.35,1268286.7121
857,2024-12-29 05:06:00,95005.1,95035.5,94996.6,95029.8,30.97,2942466.1996
858,2024-12-29 05:07:00,95029.8,95029.8,94958.5,94958.5,98.377,9346162.7945
859,2024-12-29 05:08:00,94958.5,94975.0,94926.2,94975.0,51.121,4853660.2378
860,2024-12-29 05:09:00,94974.9,94986.8,94926.1,94926.2,24.014,2280480.7675
861,2024-12-29 05:10:00,94926.2,94932.6,94922.5,94930.0,19.704,1870431.9737
862,2024-12-29 05:11:00,94929.9,94948.0,94915.0,94933.5,20.648,1960177.6109
863,2024-12-29 05:12:00,94933.5,94957.9,94933.5,94941.2,14.057,1334650.0827
864,2024-12-29 05:13:00,94941.2,94945.4,94941.2,94945.4,4.112,390409.6494
865,2024-12-29 05:14:00,94945.4,95006.1,94945.4,94991.8,16.581,1574887.4843
866,2024-12-29 05:15:00,94991.8,94998.7,94961.2,94961.2,10.008,950602.4153
867,2024-12-29 05:16:00,94961.2,94991.9,94958.0,94967.1,12.544,1191271.177
868,2024-12-29 05:17:00,94967.1,94967.2,94955.3,94966.3,14.529,1379680.2556
869,2024-12-29 05:18:00,94966.3,95028.7,94956.7,95028.7,19.52,1854121.9653
870,2024-12-29 05:19:00,95028.6,95028.7,95006.6,95006.6,13.935,1324102.044
871,2024-12-29 05:20:00,95006.6,95006.7,94988.0,94993.0,11.279,1071499.2168
872,2024-12-29 05:21:00,94993.0,95010.0,94976.2,95001.5,19.294,1832837.0942
873,2024-12-29 05:22:00,95001.5,95039.0,95001.5,95038.9,10.919,1037554.276
874,2024-12-29 05:23:00,95038.9,95048.0,95016.4,95016.4,15.095,1434547.8495
875,2024-12-29 05:24:00,95016.5,95016.5,94995.7,95003.4,9.233,877191.2195
876,2024-12-29 05:25:00,95003.5,95009.3,94996.7,94996.7,6.095,579064.3968
877,2024-12-29 05:26:00,94996.8,95007.8,94990.5,95000.1,9.236,877416.7465
878,2024-12-29 05:27:00,95000.0,95000.1,94955.9,94968.3,14.324,1360467.5556
879,2024-12-29 05:28:00,94969.1,94972.5,94963.5,94972.5,10.207,969312.4264
880,2024-12-29 05:29:00,94972.4,94993.9,94972.4,94993.9,7.425,705233.1451
881,2024-12-29 05:30:00,94993.8,95020.1,94993.8,95017.4,12.848,1220686.7568
882,2024-12-29 05:31:00,95017.3,95041.7,94981.5,94981.5,16.795,1595940.2584
883,2024-12-29 05:32:00,94981.5,94981.6,94959.0,94959.0,10.93,1038076.9743
884,2024-12-29 05:33:00,94959.0,95000.5,94940.1,94986.1,23.894,2268855.1291
885,2024-12-29 05:34:00,94986.1,95021.4,94982.1,95019.7,7.877,748426.2817
886,2024-12-29 05:35:00,95019.7,95019.8,94995.2,95003.9,8.426,800486.3545
887,2024-12-29 05:36:00,95003.9,95019.7,95003.9,95019.7,4.668,443503.0498
888,2024-12-29 05:37:00,95019.6,95047.0,95019.6,95047.0,8.547,812254.9778
889,2024-12-29 05:38:00,95046.9,95087.8,95046.9,95087.7,26.722,2540504.7593
890,2024-12-29 05:39:00,95087.7,95141.1,95087.7,95121.3,158.072,15035896.2377
891,2024-12-29 05:40:00,95121.4,95128.9,95100.0,95112.0,22.759,2164803.6806
892,2024-12-29 05:41:00,95111.9,95111.9,95069.2,95069.2,22.091,2100667.3186
893,2024-12-29 05:42:00,95069.3,95121.4,95069.2,95121.3,29.327,2789164.5407
894,2024-12-29 05:43:00,95121.3,95121.4,95084.5,95099.1,26.774,2546330.6156
895,2024-12-29 05:44:00,95099.0,95105.0,95089.4,95091.3,21.325,2027992.4491
896,2024-12-29 05:45:00,95091.4,95107.8,95088.4,95093.4,16.153,1536140.7198
897,2024-12-29 05:46:00,95093.5,95121.4,95093.4,95121.3,16.443,1563965.016
898,2024-12-29 05:47:00,95121.4,95139.0,95095.5,95095.6,20.856,1984004.8516
899,2024-12-29 05:48:00,95095.5,95106.3,95059.3,95059.3,23.041,2191118.4023
900,2024-12-29 05:49:00,95059.4,95105.0,95059.3,95105.0,14.435,1372417.1971
901,2024-12-29 05:50:00,95104.9,95117.3,95095.4,95117.2,13.302,1265170.9308
902,2024-12-29 05:51:00,95117.2,95144.4,95117.2,95141.8,25.105,2388304.6754
903,2024-12-29 05:52:00,95141.8,95185.6,95139.1,95158.2,67.896,6460987.9836
904,2024-12-29 05:53:00,95158.1,95158.2,95092.3,95092.3,35.645,3391042.3377
905,2024-12-29 05:54:00,95092.4,95097.5,95074.3,95074.3,15.603,1483672.0837
906,2024-12-29 05:55:00,95074.4,95101.4,95070.4,95101.3,19.24,1829450.9875
907,2024-12-29 05:56:00,95101.3,95101.4,95096.8,95096.9,6.194,589055.0693
908,2024-12-29 05:57:00,95096.9,95101.4,95096.9,95101.3,5.393,512874.9445
909,2024-12-29 05:58:00,95101.3,95101.4,95095.0,95100.1,11.822,1124260.7493
910,2024-12-29 05:59:00,95100.1,95144.2,95100.1,95127.4,45.425,4321065.8187
911,2024-12-29 06:00:00,95127.5,95178.9,95127.4,95144.8,31.437,2991382.1157
912,2024-12-29 06:01:00,95144.9,95144.9,95091.5,95103.9,32.468,3087899.3239
913,2024-12-29 06:02:00,95103.9,95104.0,95095.5,95103.8,16.903,1607530.5353
914,2024-12-29 06:03:00,95103.7,95123.9,95079.8,95079.8,22.499,2139457.0939
915,2024-12-29 06:04:00,95079.9,95103.8,95065.2,95083.1,19.139,1819855.9711
916,2024-12-29 06:05:00,95083.1,95102.1,95051.4,95085.6,44.133,4196278.7242
917,2024-12-29 06:06:00,95085.6,95085.6,95064.2,95064.3,8.828,839254.5861
918,2024-12-29 06:07:00,95064.4,95064.4,95021.5,95021.9,27.298,2594498.9541
919,2024-12-29 06:08:00,95022.0,95038.7,95019.6,95019.7,25.926,2463780.6641
920,2024-12-29 06:09:00,95019.6,95038.6,95000.0,95000.0,59.693,5671585.4648
921,2024-12-29 06:10:00,95000.0,95016.8,95000.0,95015.9,17.064,1621225.2667
922,2024-12-29 06:11:00,95015.9,95016.0,95010.0,95010.0,11.746,1116049.8043
923,2024-12-29 06:12:00,95010.0,95019.4,95010.0,95018.6,8.395,797654.2736
924,2024-12-29 06:13:00,95018.6,95074.8,95018.6,95070.5,17.784,1690447.1588
925,2024-12-29 06:14:00,95070.6,95142.6,95070.6,95136.6,16.184,1539319.7705
926,2024-12-29 06:15:00,95136.5,95141.4,95082.6,95082.6,20.07,1909123.7922
927,2024-12-29 06:16:00,95082.6,95088.1,95059.5,95059.5,58.991,5608517.4505
928,2024-12-29 06:17:00,95059.5,95086.0,95055.6,95085.9,15.938,1515128.8557
929,2024-12-29 06:18:00,95086.0,95104.7,95085.9,95086.0,12.94,1230574.8283
930,2024-12-29 06:19:00,95085.9,95086.0,95071.3,95071.4,19.245,1829745.3366
931,2024-12-29 06:20:00,95071.3,95071.4,95071.3,95071.3,3.915,372204.3619
932,2024-12-29 06:21:00,95071.3,95099.0,95055.1,95099.0,56.431,5364707.8678
933,2024-12-29 06:22:00,95099.0,95122.6,95091.0,95118.3,48.558,4618205.2375
934,2024-12-29 06:23:00,95118.2,95154.4,95118.2,95154.4,15.408,1465901.2679
935,2024-12-29 06:24:00,95154.3,95200.0,95154.3,95200.0,71.952,6849429.3956
936,2024-12-29 06:25:00,95199.9,95267.2,95199.0,95262.1,202.26,19261498.5651
937,2024-12-29 06:26:00,95262.1,95441.4,95259.2,95367.6,520.797,49668825.3775
938,2024-12-29 06:27:00,95367.5,95367.6,95203.9,95257.2,114.311,10890157.8101
939,2024-12-29 06:28:00,95257.3,95317.6,95257.2,95309.7,44.084,4200914.3356
940,2024-12-29 06:29:00,95309.7,95309.8,95202.2,95202.2,37.258,3548912.7333
941,2024-12-29 06:30:00,95202.1,95202.1,95121.6,95199.2,89.708,8536785.9705
942,2024-12-29 06:31:00,95199.2,95300.1,95186.6,95292.5,131.145,12492213.4748
943,2024-12-29 06:32:00,95292.5,95321.8,95179.8,95179.8,108.0,10291786.4222
944,2024-12-29 06:33:00,95179.8,95179.9,95072.9,95084.5,78.716,7486742.4842
945,2024-12-29 06:34:00,95084.5,95152.9,95083.0,95114.4,88.098,8380313.1643
946,2024-12-29 06:35:00,95114.4,95114.5,95023.0,95046.0,78.931,7502453.5634
947,2024-12-29 06:36:00,95046.0,95099.6,95033.8,95099.6,37.154,3531636.4426
948,2024-12-29 06:37:00,95099.6,95159.3,95099.5,95137.6,19.889,1892123.0925
949,2024-12-29 06:38:00,95137.6,95228.7,95137.5,95227.6,131.523,12518775.2125
950,2024-12-29 06:39:00,95227.6,95227.7,95211.0,95211.0,23.422,2230277.7912
951,2024-12-29 06:40:00,95211.0,95211.0,95195.3,95195.4,22.945,2184367.7103
952,2024-12-29 06:41:00,95195.4,95195.4,95157.5,95157.6,11.043,1051146.2428
953,2024-12-29 06:42:00,95157.5,95157.5,95080.9,95080.9,13.755,1308372.2178
954,2024-12-29 06:43:00,95080.9,95081.0,95051.7,95060.1,43.121,4099290.8895
955,2024-12-29 06:44:00,95060.0,95112.5,95060.0,95107.9,27.149,2581710.6841
956,2024-12-29 06:45:00,95108.0,95208.5,95107.9,95185.9,83.323,7930598.1765
957,2024-12-29 06:46:00,95186.0,95206.5,95126.0,95154.5,55.905,5320772.7695
958,2024-12-29 06:47:00,95154.5,95185.5,95154.5,95185.5,12.309,1171472.0766
959,2024-12-29 06:48:00,95185.5,95306.0,95185.4,95300.0,62.61,5964871.1298
960,2024-12-29 06:49:00,95300.0,95323.0,95300.0,95317.2,53.192,5069970.1009
961,2024-12-29 06:50:00,95317.1,95317.2,95260.8,95260.8,31.792,3029962.5461
962,2024-12-29 06:51:00,95260.9,95438.6,95185.2,95399.7,400.526,38193389.8543
963,2024-12-29 06:52:00,95399.6,95700.0,95395.5,95503.9,1203.513,115024536.0115
964,2024-12-29 06:53:00,95503.9,95503.9,95399.2,95413.1,101.457,9683879.6499
965,2024-12-29 06:54:00,95413.1,95413.2,95357.9,95376.4,76.49,7295711.5603
966,2024-12-29 06:55:00,95376.4,95376.4,95335.4,95335.5,44.733,4265333.5946
967,2024-12-29 06:56:00,95335.4,95335.5,95289.0,95295.3,64.002,6099598.6708
968,2024-12-29 06:57:00,95295.2,95382.8,95285.6,95371.8,83.114,7922544.8378
969,2024-12-29 06:58:00,95371.7,95382.9,95338.2,95348.0,34.798,3318186.4526
970,2024-12-29 06:59:00,95348.0,95348.0,95280.0,95286.8,45.921,4376309.9398
971,2024-12-29 07:00:00,95286.7,95286.8,95235.0,95272.0,83.558,7959879.275
972,2024-12-29 07:01:00,95272.1,95283.4,95238.3,95238.3,35.602,3391702.1881
973,2024-12-29 07:02:00,95238.2,95376.0,95225.0,95345.5,192.531,18348594.7255
974,2024-12-29 07:03:00,95345.5,95345.5,95235.7,95239.8,51.172,4876623.6556
975,2024-12-29 07:04:00,95239.9,95290.0,95239.8,95290.0,110.888,10563751.3845
976,2024-12-29 07:05:00,95290.0,95290.0,95216.9,95216.9,64.887,6180152.0007
977,2024-12-29 07:06:00,95217.0,95329.8,95200.0,95315.0,79.085,7534093.6319
978,2024-12-29 07:07:00,95315.0,95315.0,95211.1,95277.9,74.599,7105960.1228
979,2024-12-29 07:08:00,95277.9,95302.2,95256.0,95281.1,32.497,3096300.9358
980,2024-12-29 07:09:00,95281.2,95304.9,95240.4,95240.5,41.734,3976119.3326
981,2024-12-29 07:10:00,95240.5,95271.6,95183.3,95271.6,46.75,4451312.1492
982,2024-12-29 07:11:00,95271.7,95271.7,95205.5,95219.1,33.568,3196746.4649
983,2024-12-29 07:12:00,95219.0,95232.9,95191.7,95224.6,37.858,3604528.1378
984,2024-12-29 07:13:00,95224.6,95271.7,95224.5,95271.7,19.183,1827244.6756
985,2024-12-29 07:14:00,95271.6,95281.2,95251.3,95281.1,20.818,1983310.6735
986,2024-12-29 07:15:00,95281.1,95298.5,95225.0,95231.4,31.301,2981311.0458
987,2024-12-29 07:16:00,95231.4,95247.8,95190.0,95195.7,54.831,5220715.6007
988,2024-12-29 07:17:00,95195.8,95208.4,95184.2,95194.0,27.663,2633472.5025
989,2024-12-29 07:18:00,95194.0,95210.4,95187.6,95199.9,21.138,2012240.9276
990,2024-12-29 07:19:00,95200.0,95210.0,95191.2,95207.8,18.871,1796604.1793
991,2024-12-29 07:20:00,95207.8,95221.7,95160.0,95160.0,63.392,6034235.3876
992,2024-12-29 07:21:00,95160.0,95175.7,95068.1,95073.9,152.087,14467225.136
993,2024-12-29 07:22:00,95074.1,95152.5,95074.1,95138.2,47.678,4535468.2296
994,2024-12-29 07:23:00,95138.1,95138.2,95102.8,95127.9,34.314,3263734.2055
995,2024-12-29 07:24:00,95127.9,95198.8,95109.5,95186.9,45.645,4343030.5462
996,2024-12-29 07:25:00,95187.0,95211.0,95169.3,95171.8,23.191,2207584.2243
997,2024-12-29 07:26:00,95171.5,95196.5,95169.7,95177.7,19.842,1888640.8894
998,2024-12-29 07:27:00,95177.7,95256.1,95177.7,95256.0,28.017,2667881.2086
999,2024-12-29 07:28:00,95256.1,95286.4,95256.0,95286.4,38.263,3645282.2393
1000,2024-12-29 07:29:00,95286.4,95327.7,95283.1,95283.1,109.898,10473757.0931
1001,2024-12-29 07:30:00,95283.1,95343.7,95275.2,95343.7,31.805,3031285.0997
1002,2024-12-29 07:31:00,95343.7,95343.7,95311.6,95340.9,48.122,4587332.6549
1003,2024-12-29 07:32:00,95341.0,95369.4,95334.0,95364.5,30.563,2914259.0762
1004,2024-12-29 07:33:00,95364.4,95382.9,95300.0,95300.0,38.999,3718598.4093
1005,2024-12-29 07:34:00,95300.1,95300.1,95252.8,95286.5,52.118,4965258.8729
1006,2024-12-29 07:35:00,95286.4,95351.7,95286.4,95349.7,27.155,2588754.969
1007,2024-12-29 07:36:00,95349.6,95349.7,95281.1,95281.1,30.926,2947640.2924
1008,2024-12-29 07:37:00,95281.1,95281.1,95165.6,95166.8,42.617,4058008.0719
1009,2024-12-29 07:38:00,95166.8,95200.0,95150.0,95191.6,33.413,3180156.1347
1010,2024-12-29 07:39:00,95191.7,95228.2,95185.8,95188.5,31.715,3019517.2234
1011,2024-12-29 07:40:00,95188.5,95193.3,95131.6,95140.3,36.342,3458261.8952
1012,2024-12-29 07:41:00,95140.3,95186.0,95130.7,95130.7,46.607,4435661.0657
1013,2024-12-29 07:42:00,95130.7,95179.8,95120.0,95179.8,43.11,4101440.0736
1014,2024-12-29 07:43:00,95179.8,95204.9,95165.1,95167.2,16.16,1538240.2393
1015,2024-12-29 07:44:00,95167.3,95192.7,95167.2,95192.6,7.028,668975.6623
1016,2024-12-29 07:45:00,95192.6,95266.1,95192.6,95266.1,29.304,2790759.7361
1017,2024-12-29 07:46:00,95266.1,95281.0,95223.0,95223.1,15.587,1484771.7474
1018,2024-12-29 07:47:00,95223.1,95248.8,95206.7,95235.2,19.029,1812108.5911
1019,2024-12-29 07:48:00,95235.1,95274.0,95235.1,95273.9,13.842,1318532.5249
1020,2024-12-29 07:49:00,95273.9,95324.4,95273.9,95289.3,62.369,5943944.7357
1021,2024-12-29 07:50:00,95289.4,95327.7,95289.3,95316.8,22.893,2182184.0101
1022,2024-12-29 07:51:00,95316.9,95358.7,95315.7,95340.9,96.369,9187588.7385
1023,2024-12-29 07:52:00,95340.9,95341.0,95314.0,95333.9,15.098,1439267.1334
1024,2024-12-29 07:53:00,95334.0,95340.8,95331.7,95331.8,12.064,1150107.2062
1025,2024-12-29 07:54:00,95331.7,95331.8,95314.0,95314.0,11.004,1048914.3035
1026,2024-12-29 07:55:00,95314.0,95342.8,95295.2,95342.8,29.902,2850083.446
1027,2024-12-29 07:56:00,95342.8,95348.1,95340.0,95340.1,16.203,1544850.9111
1028,2024-12-29 07:57:00,95340.1,95342.2,95328.6,95330.5,22.504,2145405.1232
1029,2024-12-29 07:58:00,95330.5,95338.2,95269.4,95269.5,19.222,1832025.4662
1030,2024-12-29 07:59:00,95269.4,95269.6,95255.0,95259.1,17.475,1664674.6094
1031,2024-12-29 08:00:00,95259.1,95300.0,95225.0,95225.0,38.795,3695936.8672
1032,2024-12-29 08:01:00,95225.1,95225.1,95183.8,95221.0,46.724,4448406.2739
1033,2024-12-29 08:02:00,95221.5,95245.4,95217.5,95230.0,11.62,1106547.2453
1034,2024-12-29 08:03:00,95229.9,95245.7,95185.8,95185.8,45.494,4331057.9362
1035,2024-12-29 08:04:00,95185.8,95185.8,95129.6,95129.7,46.801,4453444.7152
1036,2024-12-29 08:05:00,95129.6,95195.1,95123.0,95144.4,57.976,5516420.6378
1037,2024-12-29 08:06:00,95144.4,95176.3,95131.7,95176.2,28.04,2668021.8292
1038,2024-12-29 08:07:00,95176.2,95176.3,95123.4,95135.2,47.259,4496350.4654
1039,2024-12-29 08:08:00,95135.2,95135.3,95101.7,95113.8,49.946,4750553.7279
1040,2024-12-29 08:09:00,95113.9,95218.3,95113.8,95166.8,40.562,3861095.5369
1041,2024-12-29 08:10:00,95166.8,95177.0,95132.7,95176.9,15.04,1431075.0586
1042,2024-12-29 08:11:00,95176.9,95197.5,95162.5,95197.5,40.758,3879408.3971
1043,2024-12-29 08:12:00,95197.4,95197.4,95151.6,95172.0,25.248,2402741.2366
1044,2024-12-29 08:13:00,95172.1,95172.1,95140.6,95140.7,20.34,1935425.1644
1045,2024-12-29 08:14:00,95140.7,95157.3,95122.3,95152.3,22.805,2169601.1782
1046,2024-12-29 08:15:00,95152.4,95190.6,95152.3,95189.8,62.88,5984693.8365
1047,2024-12-29 08:16:00,95189.5,95192.2,95148.4,95184.4,42.083,4004741.1095
1048,2024-12-29 08:17:00,95184.5,95184.5,95115.2,95115.2,21.982,2091402.3378
1049,2024-12-29 08:18:00,95115.3,95180.0,95115.0,95180.0,20.51,1951127.2572
1050,2024-12-29 08:19:00,95180.0,95187.8,95160.8,95169.4,30.506,2903257.2773
1051,2024-12-29 08:20:00,95169.4,95169.4,95148.0,95148.0,5.979,568969.2776
1052,2024-12-29 08:21:00,95148.0,95150.5,95125.0,95125.0,27.902,2654683.958
1053,2024-12-29 08:22:00,95125.1,95141.9,95122.0,95141.8,28.225,2685195.8575
1054,2024-12-29 08:23:00,95141.8,95141.9,95101.6,95130.9,33.628,3198501.4544
1055,2024-12-29 08:24:00,95130.9,95131.0,95095.6,95095.7,42.699,4060883.3032
1056,2024-12-29 08:25:00,95095.6,95139.3,95095.6,95120.5,33.391,3176072.7887
1057,2024-12-29 08:26:00,95120.4,95120.5,95108.0,95120.4,12.897,1226669.1254
1058,2024-12-29 08:27:00,95120.3,95140.5,95113.9,95128.7,15.989,1521028.3409
1059,2024-12-29 08:28:00,95128.7,95128.7,95096.2,95105.7,14.13,1343874.3429
1060,2024-12-29 08:29:00,95105.7,95105.7,95095.6,95095.6,17.905,1702747.6805
1061,2024-12-29 08:30:00,95095.7,95100.0,95064.5,95072.7,66.494,6322061.253
1062,2024-12-29 08:31:00,95072.8,95157.8,95068.3,95157.7,28.767,2736204.8119
1063,2024-12-29 08:32:00,95157.8,95173.7,95128.7,95128.7,24.457,2327327.848
1064,2024-12-29 08:33:00,95128.8,95144.3,95107.9,95117.4,23.242,2210863.8549
1065,2024-12-29 08:34:00,95117.3,95117.4,95034.0,95061.8,84.983,8078035.1382
1066,2024-12-29 08:35:00,95061.8,95160.3,95061.8,95131.0,37.313,3548863.1406
1067,2024-12-29 08:36:00,95131.1,95152.1,95093.8,95093.8,40.409,3843890.3334
1068,2024-12-29 08:37:00,95093.8,95130.0,95083.8,95102.4,19.602,1864354.4693
1069,2024-12-29 08:38:00,95102.4,95102.4,95055.1,95099.9,26.416,2511325.8021
1070,2024-12-29 08:39:00,95099.9,95099.9,95055.6,95056.5,19.127,1818418.27
1071,2024-12-29 08:40:00,95056.4,95157.3,95043.6,95157.2,32.475,3088245.3038
1072,2024-12-29 08:41:00,95157.3,95160.7,95125.3,95160.3,25.82,2456657.9031
1073,2024-12-29 08:42:00,95160.3,95195.6,95143.4,95166.7,82.5,7852206.7359
1074,2024-12-29 08:43:00,95166.7,95166.8,95109.7,95128.6,28.748,2734829.1281
1075,2024-12-29 08:44:00,95128.6,95128.6,95100.9,95126.7,13.401,1274569.9622
1076,2024-12-29 08:45:00,95126.7,95126.8,95095.5,95095.5,19.325,1838197.2608
1077,2024-12-29 08:46:00,95095.5,95095.6,95040.8,95051.4,85.394,8116993.2266
1078,2024-12-29 08:47:00,95051.4,95054.9,94998.3,95020.2,110.35,10484700.0656
1079,2024-12-29 08:48:00,95020.2,95047.8,95010.6,95033.7,25.352,2409163.9243
1080,2024-12-29 08:49:00,95033.7,95043.6,95033.1,95033.3,14.101,1340175.8411
1081,2024-12-29 08:50:00,95033.3,95063.5,95033.3,95047.3,15.109,1436032.479
1082,2024-12-29 08:51:00,95047.2,95054.0,95040.4,95053.9,14.342,1363170.9213
1083,2024-12-29 08:52:00,95054.0,95065.0,95037.4,95037.4,18.867,1793409.8872
1084,2024-12-29 08:53:00,95037.5,95057.2,95036.8,95057.2,15.039,1429354.9343
1085,2024-12-29 08:54:00,95057.2,95057.2,95026.1,95026.2,7.848,745883.437
1086,2024-12-29 08:55:00,95026.2,95057.1,95014.1,95047.5,27.343,2598287.4669
1087,2024-12-29 08:56:00,95047.6,95081.2,95047.5,95081.2,15.389,1462891.8861
1088,2024-12-29 08:57:00,95081.2,95110.5,95081.1,95109.0,13.518,1285503.6843
1089,2024-12-29 08:58:00,95109.0,95109.0,95095.4,95108.9,14.29,1359014.6596
1090,2024-12-29 08:59:00,95108.9,95118.4,95083.4,95115.9,28.223,2684116.6804
1091,2024-12-29 09:00:00,95116.0,95142.0,95097.5,95142.0,16.642,1582971.7039
1092,2024-12-29 09:01:00,95142.0,95170.0,95141.9,95169.9,32.258,3069507.1716
1093,2024-12-29 09:02:00,95170.0,95176.7,95157.9,95176.6,21.865,2080865.5894
1094,2024-12-29 09:03:00,95176.7,95176.7,95169.9,95170.2,18.959,1804361.2206
1095,2024-12-29 09:04:00,95170.2,95177.8,95169.9,95169.9,11.022,1048991.1423
1096,2024-12-29 09:05:00,95169.9,95169.9,95062.1,95066.7,56.704,5393926.3506
1097,2024-12-29 09:06:00,95066.7,95066.7,95004.0,95047.0,36.881,3504851.7319
1098,2024-12-29 09:07:00,95046.9,95065.5,95007.6,95055.9,24.143,2294473.5224
1099,2024-12-29 09:08:00,95056.0,95074.6,95030.8,95030.8,25.051,2381262.7963
1100,2024-12-29 09:09:00,95030.7,95030.7,94972.4,94999.9,49.819,4732512.1278
1101,2024-12-29 09:10:00,95000.0,95001.1,94986.4,94986.4,26.792,2545085.8171
1102,2024-12-29 09:11:00,94986.5,95013.8,94981.9,95006.2,21.387,2031692.9031
1103,2024-12-29 09:12:00,95006.2,95028.8,95000.0,95006.1,16.313,1549837.2951
1104,2024-12-29 09:13:00,95006.1,95024.6,94986.1,94986.1,23.903,2270692.2651
1105,2024-12-29 09:14:00,94986.2,94986.2,94928.0,94960.0,78.376,7441877.508
1106,2024-12-29 09:15:00,94959.9,95029.5,94959.9,95023.3,44.459,4223318.1102
1107,2024-12-29 09:16:00,95023.3,95023.3,95001.3,95001.3,17.532,1665804.0011
1108,2024-12-29 09:17:00,95001.7,95009.5,94921.7,94932.5,54.02,5129448.4561
1109,2024-12-29 09:18:00,94932.6,94962.5,94932.5,94951.4,32.003,3038569.1367
1110,2024-12-29 09:19:00,94951.4,94974.8,94948.0,94958.4,42.097,3997804.4595
1111,2024-12-29 09:20:00,94958.4,94989.7,94958.4,94967.1,32.867,3121876.0265
1112,2024-12-29 09:21:00,94966.5,94966.5,94919.8,94928.5,83.87,7962025.6764
1113,2024-12-29 09:22:00,94928.5,94928.6,94882.3,94900.2,61.397,5826912.6411
1114,2024-12-29 09:23:00,94900.2,94926.4,94817.1,94908.8,255.115,24201481.5072
1115,2024-12-29 09:24:00,94908.9,94921.3,94851.1,94921.3,32.619,3094939.28
1116,2024-12-29 09:25:00,94921.3,94927.2,94912.5,94927.0,37.469,3556541.1577
1117,2024-12-29 09:26:00,94927.1,94971.9,94927.0,94971.9,36.775,3491771.9531
1118,2024-12-29 09:27:00,94972.3,95004.6,94955.9,94965.3,32.241,3062354.328
1119,2024-12-29 09:28:00,94965.5,95003.5,94965.5,95000.0,24.405,2318292.3459
1120,2024-12-29 09:29:00,95000.0,95003.5,94955.9,94972.3,27.479,2610176.1148
1121,2024-12-29 09:30:00,94972.3,94990.5,94962.4,94981.9,39.062,3709886.3979
1122,2024-12-29 09:31:00,94981.8,94986.1,94950.0,94986.1,21.511,2042751.4536
1123,2024-12-29 09:32:00,94986.1,94999.4,94968.0,94983.9,36.663,3482493.0684
1124,2024-12-29 09:33:00,94983.8,94983.9,94937.1,94945.7,59.805,5679142.3725
1125,2024-12-29 09:34:00,94945.8,94964.5,94933.7,94959.9,12.416,1178923.8737
1126,2024-12-29 09:35:00,94959.9,94971.9,94959.9,94962.5,12.069,1146134.9481
1127,2024-12-29 09:36:00,94962.4,94968.3,94959.9,94960.0,11.432,1085604.3716
1128,2024-12-29 09:37:00,94960.0,95014.6,94960.0,94999.0,24.201,2298982.9166
1129,2024-12-29 09:38:00,94999.0,94999.0,94958.0,94958.8,11.257,1069151.8324
1130,2024-12-29 09:39:00,94958.7,94989.6,94958.7,94989.5,7.559,717864.9269
1131,2024-12-29 09:40:00,94989.6,95005.8,94953.6,94953.6,13.347,1267934.7923
1132,2024-12-29 09:41:00,94953.4,94953.5,94902.3,94935.9,58.139,5519033.0102
1133,2024-12-29 09:42:00,94936.0,94942.2,94905.4,94909.9,21.189,2011170.4205
1134,2024-12-29 09:43:00,94910.0,94927.4,94904.4,94927.4,23.51,2231349.926
1135,2024-12-29 09:44:00,94927.4,94927.4,94888.6,94914.7,21.059,1998619.4796
1136,2024-12-29 09:45:00,94914.8,94914.8,94888.0,94892.1,44.719,4243910.4338
1137,2024-12-29 09:46:00,94892.2,94942.0,94868.0,94926.7,41.431,3931883.7612
1138,2024-12-29 09:47:00,94926.7,94967.0,94896.6,94900.7,49.015,4653184.5477
1139,2024-12-29 09:48:00,94900.7,94921.6,94865.0,94865.1,40.756,3867891.501
1140,2024-12-29 09:49:00,94865.1,94891.6,94865.0,94891.6,73.049,6930378.4654
1141,2024-12-29 09:50:00,94891.6,94891.6,94865.0,94876.9,46.188,4381982.7996
1142,2024-12-29 09:51:00,94876.8,94891.5,94848.8,94850.2,51.417,4877678.324
1143,2024-12-29 09:52:00,94850.2,94869.2,94838.8,94869.2,37.668,3572909.8212
1144,2024-12-29 09:53:00,94869.1,94874.2,94854.9,94874.2,8.849,839470.4474
1145,2024-12-29 09:54:00,94874.2,94874.2,94850.3,94850.3,17.831,1691610.9098
1146,2024-12-29 09:55:00,94850.4,94885.7,94850.4,94883.7,30.857,2927218.0003
1147,2024-12-29 09:56:00,94884.3,94884.3,94808.4,94808.4,45.904,4353071.1578
